lat,lon,time,stop,next_stop,elapsed,time_Seconds,round_trip
18.4039813,-66.0463734,8:42:35,5.0,6.0,,31355.0,
18.4041047,-66.0484892,8:43:13,6.0,13.0,38.0,31393.0,
18.4042011,-66.0499032,8:43:56,13.0,24.0,43.0,31436.0,
18.4051224,-66.050338,8:44:52,24.0,23.0,56.0,31492.0,
18.4061803,-66.0502588,8:45:22,23.0,20.0,30.0,31522.0,
18.4071939,-66.0495427,8:45:59,20.0,19.0,37.0,31559.0,
18.4067207,-66.0490004,8:46:16,20.0,19.0,17.0,31576.0,
18.406061,-66.0481042,8:46:47,9.0,10.0,31.0,31607.0,
18.406627,-66.046957,8:47:16,10.0,11.0,29.0,31636.0,
18.4060234,-66.0449512,8:48:3,11.0,2.1,47.0,31683.0,
18.4061764,-66.0431609,8:48:48,2.1,1.0,45.0,31728.0,
18.4073641,-66.0431936,8:50:24,2.1,1.0,96.0,31824.0,
18.4063222,-66.0430162,8:55:20,2.1,1.0,296.0,32120.0,
18.4049889,-66.0450658,8:58:26,3.0,4.0,186.0,32306.0,
18.4037657,-66.0455475,9:0:26,4.0,5.0,120.0,32426.0,
18.4041105,-66.0465002,9:0:54,5.0,6.0,28.0,32454.0,1099.0
18.4042036,-66.0481047,9:1:31,6.0,13.0,37.0,32491.0,1098.0
18.4036496,-66.0499647,9:2:19,13.0,24.0,48.0,32539.0,1103.0
18.4047482,-66.0503636,9:3:9,24.0,23.0,50.0,32589.0,1097.0
18.4065476,-66.0497879,9:3:40,23.0,20.0,31.0,32620.0,1098.0
18.4071206,-66.0494932,9:4:1,20.0,19.0,21.0,32641.0,1065.0
18.4066019,-66.0489905,9:4:15,19.0,9.0,14.0,32655.0,
18.4059816,-66.0480143,9:5:2,9.0,10.0,47.0,32702.0,1095.0
18.4069452,-66.0471494,9:5:38,10.0,11.0,36.0,32738.0,1102.0
18.4059095,-66.0449555,9:6:17,11.0,2.1,39.0,32777.0,1094.0
18.4059669,-66.0432204,9:6:59,2.1,1.0,42.0,32819.0,699.0
18.4070744,-66.0426403,9:8:3,1.0,2.2,64.0,32883.0,
18.4060442,-66.0432045,9:13:44,2.1,1.0,,33224.0,
18.4050301,-66.0450428,9:16:28,3.0,4.0,164.0,33388.0,1082.0
18.4037123,-66.0455581,9:17:39,4.0,5.0,71.0,33459.0,1033.0
18.4034081,-66.0461997,9:18:9,5.0,6.0,30.0,33489.0,1035.0
18.4040227,-66.0485957,9:18:39,6.0,13.0,30.0,33519.0,1028.0
18.4036525,-66.0499861,9:19:36,13.0,24.0,57.0,33576.0,1037.0
18.4050474,-66.0503564,9:20:15,24.0,23.0,39.0,33615.0,1026.0
18.4064987,-66.050015,9:20:40,23.0,20.0,25.0,33640.0,1020.0
18.4070974,-66.0494104,9:21:1,20.0,19.0,21.0,33661.0,1020.0
18.4064746,-66.0485635,9:21:29,19.0,9.0,28.0,33689.0,1034.0
18.4061462,-66.0479132,9:21:47,9.0,10.0,18.0,33707.0,1005.0
18.4069145,-66.0472432,9:22:30,10.0,11.0,43.0,33750.0,1012.0
18.4060379,-66.0447558,9:23:15,11.0,2.1,45.0,33795.0,1018.0
18.4041607,-66.044982,9:25:18,3.0,4.0,123.0,33918.0,
18.4082565,-66.0394764,9:26:35,1.0,2.2,77.0,33995.0,1112.0
18.4056633,-66.0450446,9:31:12,11.0,2.1,277.0,34272.0,
18.4051817,-66.045036,9:32:39,3.0,4.0,87.0,34359.0,
18.4038465,-66.0455968,9:34:11,4.0,5.0,92.0,34451.0,992.0
18.4040282,-66.0464981,9:34:56,5.0,6.0,45.0,34496.0,1007.0
18.404171,-66.0479111,9:35:34,6.0,13.0,38.0,34534.0,1015.0
18.4041421,-66.0500939,9:36:11,13.0,24.0,37.0,34571.0,995.0
18.4063325,-66.0494267,9:37:13,23.0,20.0,62.0,34633.0,993.0
18.4063385,-66.0498613,9:37:40,23.0,20.0,27.0,34660.0,
18.4065494,-66.0496296,9:38:14,23.0,20.0,34.0,34694.0,
18.4062489,-66.0484319,9:38:41,19.0,9.0,27.0,34721.0,1032.0
18.4060945,-66.04806,9:38:59,9.0,10.0,18.0,34739.0,1032.0
18.4067758,-66.0462409,9:39:29,10.0,11.0,30.0,34769.0,1019.0
18.4060572,-66.0449384,9:40:21,11.0,2.1,52.0,34821.0,
18.4061618,-66.0433373,9:41:1,2.1,1.0,40.0,34861.0,
18.4078602,-66.0391046,9:42:21,1.0,2.2,80.0,34941.0,946.0
18.4069331,-66.0428323,9:45:21,2.1,1.0,180.0,35121.0,
18.4054261,-66.0449761,9:48:22,3.0,4.0,181.0,35302.0,943.0
18.4036928,-66.045515,9:50:4,4.0,5.0,102.0,35404.0,953.0
18.4034043,-66.0462268,9:50:31,5.0,6.0,27.0,35431.0,935.0
18.4039966,-66.0486142,9:51:17,6.0,13.0,46.0,35477.0,943.0
18.4039163,-66.0499031,9:51:56,13.0,24.0,39.0,35516.0,945.0
18.4049598,-66.0504137,9:52:50,24.0,23.0,54.0,35570.0,
18.4061318,-66.0501497,9:53:12,23.0,20.0,22.0,35592.0,898.0
18.4071303,-66.0494889,9:53:52,20.0,19.0,40.0,35632.0,
18.4063357,-66.0486968,9:54:18,19.0,9.0,26.0,35658.0,937.0
18.4063357,-66.0486968,9:54:18,19.0,9.0,,35658.0,
18.4060638,-66.0476243,9:54:41,9.0,10.0,23.0,35681.0,942.0
18.4067977,-66.0462647,9:55:27,10.0,11.0,46.0,35727.0,958.0
18.406109,-66.0445925,9:56:15,11.0,2.1,48.0,35775.0,954.0
18.4062058,-66.0431516,9:57:3,2.1,1.0,48.0,35823.0,702.0
18.4071179,-66.0418747,9:58:42,1.0,2.2,99.0,35922.0,981.0
18.4067199,-66.0435654,10:2:1,2.1,1.0,199.0,36121.0,
18.4051679,-66.0454653,10:4:15,3.0,4.0,134.0,36255.0,953.0
18.4035968,-66.0455883,10:5:51,4.0,5.0,96.0,36351.0,947.0
18.4038652,-66.0463797,10:6:27,5.0,6.0,36.0,36387.0,956.0
18.4041079,-66.0464256,8:39:32,5.0,6.0,,31172.0,
18.4041502,-66.0485306,8:40:2,6.0,13.0,30.0,31202.0,
18.4041728,-66.0500695,8:40:32,13.0,24.0,30.0,31232.0,
18.4037845,-66.0454662,8:48:1,4.0,5.0,,31681.0,
18.4034009,-66.0461888,8:48:21,5.0,6.0,20.0,31701.0,
18.4041286,-66.048392,8:48:50,6.0,13.0,29.0,31730.0,
18.4039918,-66.0461849,9:8:27,5.0,6.0,,32907.0,
18.4039704,-66.0486076,9:8:54,6.0,13.0,27.0,32934.0,
18.4034131,-66.0498753,9:9:21,13.0,24.0,27.0,32961.0,
18.404676,-66.0502572,9:10:3,24.0,23.0,42.0,33003.0,
18.4063284,-66.0499231,9:10:33,23.0,20.0,30.0,33033.0,
18.4071838,-66.0494937,9:10:48,20.0,19.0,15.0,33048.0,
18.4066146,-66.0487669,9:11:14,19.0,9.0,26.0,33074.0,
18.4060684,-66.0482009,9:11:39,9.0,10.0,25.0,33099.0,
18.4065666,-66.0466617,9:12:36,10.0,11.0,57.0,33156.0,
18.4060853,-66.0449399,9:13:12,11.0,2.1,36.0,33192.0,
18.4061719,-66.0431114,9:15:10,2.1,1.0,118.0,33310.0,
18.4061371,-66.0435515,9:16:6,2.1,1.0,56.0,33366.0,
18.4069243,-66.0429556,9:17:4,2.1,1.0,58.0,33424.0,
18.4052908,-66.0456568,9:19:53,3.0,4.0,169.0,33593.0,
18.4038784,-66.0455471,9:21:17,4.0,5.0,84.0,33677.0,
18.4040339,-66.0463137,9:21:39,5.0,6.0,22.0,33699.0,792.0
18.4043354,-66.0481552,9:22:11,6.0,13.0,32.0,33731.0,797.0
18.4041316,-66.0501539,9:22:44,13.0,24.0,33.0,33764.0,803.0
18.4047316,-66.0498053,9:23:18,24.0,23.0,34.0,33798.0,795.0
18.4063204,-66.0501469,9:23:45,23.0,20.0,27.0,33825.0,792.0
18.4072043,-66.0494703,9:24:9,20.0,19.0,24.0,33849.0,801.0
18.4064088,-66.0484745,9:24:30,19.0,9.0,21.0,33870.0,796.0
18.4065586,-66.0485914,9:24:51,19.0,9.0,21.0,33891.0,
18.4068231,-66.0469673,9:25:6,10.0,11.0,15.0,33906.0,750.0
18.4059835,-66.04488,9:25:50,11.0,2.1,44.0,33950.0,758.0
18.4060402,-66.0430497,9:26:39,2.1,1.0,49.0,33999.0,
18.4062762,-66.0427673,9:27:56,2.1,1.0,77.0,34076.0,
18.4069317,-66.0428341,9:28:50,2.1,1.0,54.0,34130.0,
18.405189,-66.0450673,9:31:21,3.0,4.0,151.0,34281.0,688.0
18.4036133,-66.0455532,9:32:12,4.0,5.0,51.0,34332.0,655.0
18.40383902293667,-66.04990846648302,8:35:35,13.0,24.0,,30935.0,
18.40456938762249,-66.0504020433024,8:36:19,24.0,23.0,44.0,30979.0,
18.40638315103616,-66.05023657198042,8:37:6,23.0,20.0,47.0,31026.0,
18.40720437712076,-66.04962720890191,8:37:27,20.0,19.0,21.0,31047.0,
18.406477031966404,-66.04849459328071,8:38:10,19.0,9.0,43.0,31090.0,
18.40609301613396,-66.04793175622824,8:38:19,9.0,10.0,9.0,31099.0,
18.40681484871325,-66.04690561722666,8:39:0,10.0,11.0,41.0,31140.0,
18.406093723466444,-66.0449504545053,8:39:52,11.0,2.1,52.0,31192.0,
18.406206896098947,-66.04319881037839,8:40:29,2.1,1.0,37.0,31229.0,
18.40716392503635,-66.04201759608569,8:41:15,1.0,2.2,46.0,31275.0,
18.40622394174976,-66.04304753882046,8:43:37,2.1,1.0,142.0,31417.0,
18.40481933304021,-66.04480108778422,8:45:29,3.0,4.0,112.0,31529.0,
18.403655188405843,-66.04491467040776,8:46:27,4.0,5.0,58.0,31587.0,
18.403687798227363,-66.04655620835001,8:47:5,5.0,6.0,38.0,31625.0,
18.40376576015237,-66.04710407198863,8:47:15,5.0,6.0,10.0,31635.0,
18.403888068747538,-66.04822544144483,8:47:41,6.0,13.0,26.0,31661.0,
18.40402879323121,-66.05003864153923,8:48:15,13.0,24.0,34.0,31695.0,760.0
18.403841255413475,-66.0467061858424,8:19:38,5.0,6.0,,29978.0,
18.404050408138943,-66.04805794882004,8:20:25,6.0,13.0,47.0,30025.0,
18.40402327898199,-66.04980571340154,8:21:32,13.0,24.0,67.0,30092.0,
18.406570985874662,-66.05002521648326,8:23:9,23.0,20.0,97.0,30189.0,
18.40698626611469,-66.0493011781115,8:23:37,20.0,19.0,28.0,30217.0,
18.40644811379137,-66.04857261952145,8:24:9,19.0,9.0,32.0,30249.0,
18.406064854752927,-66.04788054869105,8:24:40,9.0,10.0,31.0,30280.0,
18.406680272001086,-66.04687917981495,8:25:4,10.0,11.0,24.0,30304.0,
18.40610130874316,-66.04495247743472,8:25:53,11.0,2.1,49.0,30353.0,
18.406168366396216,-66.0433006454002,8:27:53,2.1,1.0,120.0,30473.0,
18.40708031670283,-66.04203674015297,8:28:32,1.0,2.2,39.0,30512.0,
18.40621549163478,-66.0431250715107,8:31:37,2.1,1.0,185.0,30697.0,
18.40485582028525,-66.04466648774243,8:32:36,3.0,4.0,59.0,30756.0,
18.403645614245512,-66.04547491614534,8:34:10,4.0,5.0,94.0,30850.0,
18.403735069349988,-66.04650254086648,8:34:49,5.0,6.0,39.0,30889.0,911.0
18.403917776804505,-66.04811407060794,8:35:28,6.0,13.0,39.0,30928.0,903.0
18.40398258561508,-66.04977705198766,8:36:49,13.0,24.0,81.0,31009.0,917.0
18.40455906708296,-66.05041231317166,8:37:24,24.0,23.0,35.0,31044.0,
18.406587537418257,-66.05002473253145,8:38:4,23.0,20.0,40.0,31084.0,895.0
18.406963282266304,-66.04920631911301,8:38:32,20.0,19.0,28.0,31112.0,895.0
18.40654407835169,-66.04865080408942,8:38:52,19.0,9.0,20.0,31132.0,883.0
18.406092214606204,-66.0479306557725,8:39:14,9.0,10.0,22.0,31154.0,874.0
18.406761893326063,-66.04679057387852,8:41:57,10.0,11.0,163.0,31317.0,1013.0
18.406091591816164,-66.04490195987566,8:42:55,11.0,2.1,58.0,31375.0,1022.0
18.40617939281951,-66.04321776653752,8:43:51,2.1,1.0,56.0,31431.0,734.0
18.407208960324542,-66.04197190553307,8:45:15,1.0,2.2,84.0,31515.0,1003.0
18.40629668498006,-66.04315723249405,8:48:27,2.1,1.0,192.0,31707.0,
18.404851624082568,-66.04470963821986,8:50:44,3.0,4.0,137.0,31844.0,1088.0
18.403725565956982,-66.04634555632315,8:53:6,5.0,6.0,142.0,31986.0,1097.0
18.403919022856496,-66.04808738960219,8:53:46,6.0,13.0,40.0,32026.0,1098.0
18.40401841689617,-66.04977015555296,8:54:40,13.0,24.0,54.0,32080.0,1071.0
18.40490857221733,-66.05038589003229,8:56:5,24.0,23.0,85.0,32165.0,1121.0
18.40695556752932,-66.04922547633127,8:57:12,20.0,19.0,67.0,32232.0,1120.0
18.4064327641701,-66.04845488123969,8:57:36,19.0,9.0,24.0,32256.0,1124.0
18.40606843841526,-66.04786351356553,8:58:10,9.0,10.0,34.0,32290.0,1136.0
18.406712497963607,-66.04673847583527,8:58:40,10.0,11.0,30.0,32320.0,1003.0
18.40609192998673,-66.04490857215644,8:59:26,11.0,2.1,46.0,32366.0,991.0
18.407108303565813,-66.04203299510871,9:3:37,1.0,2.2,251.0,32617.0,1102.0
18.40624116029418,-66.0433466309239,9:7:3,2.1,1.0,206.0,32823.0,1116.0
18.4048474113932,-66.04479573578647,9:9:9,3.0,4.0,126.0,32949.0,1105.0
18.40377746510377,-66.0453418504387,9:10:48,4.0,5.0,99.0,33048.0,
18.403742705004067,-66.04534992755907,9:10:54,4.0,5.0,6.0,33054.0,
18.403730442371547,-66.04538841277414,9:11:0,4.0,5.0,6.0,33060.0,
18.40396109089308,-66.04824466037135,9:12:14,6.0,13.0,74.0,33134.0,1108.0
18.404003127066627,-66.05023689315433,9:12:53,13.0,24.0,39.0,33173.0,1093.0
18.40540222853243,-66.05038894709884,9:13:28,24.0,23.0,35.0,33208.0,1043.0
18.40637108749132,-66.05015949380292,9:13:46,23.0,20.0,18.0,33226.0,
18.40706536623996,-66.0493891084046,9:14:12,20.0,19.0,26.0,33252.0,1020.0
18.406537868859168,-66.04858543267393,9:14:34,19.0,9.0,22.0,33274.0,1018.0
18.40610920729775,-66.04792789049775,9:14:52,9.0,10.0,18.0,33292.0,1002.0
18.40671963995057,-66.04687242129219,9:15:21,10.0,11.0,29.0,33321.0,1001.0
18.40609904681324,-66.0449371284107,9:16:5,11.0,2.1,44.0,33365.0,999.0
18.40614217433037,-66.04323693303971,9:17:53,2.1,1.0,108.0,33473.0,650.0
18.40712819628516,-66.04184871409075,9:19:10,1.0,2.2,77.0,33550.0,933.0
18.4062138666904,-66.04311639845702,9:21:39,2.1,1.0,149.0,33699.0,
18.40484665339148,-66.04472070796332,9:22:48,3.0,4.0,69.0,33768.0,819.0
18.4041623,-66.0476767,9:41:8,6.0,13.0,,34868.0,
18.4041904,-66.0464405,9:40:51,5.0,6.0,,34851.0,
18.4035774,-66.0496313,9:41:56,13.0,24.0,65.0,34916.0,
18.4048447,-66.0502883,9:42:43,24.0,23.0,47.0,34963.0,
18.4063022,-66.0500888,9:43:16,23.0,20.0,33.0,34996.0,
18.4071427,-66.0494678,9:44:53,20.0,19.0,97.0,35093.0,
18.4066311,-66.0487801,9:45:30,19.0,9.0,37.0,35130.0,
18.4060688,-66.0478335,9:45:57,9.0,10.0,27.0,35157.0,
18.4067916,-66.0469655,9:46:27,10.0,11.0,30.0,35187.0,
18.4060463,-66.044841,9:47:21,11.0,2.1,54.0,35241.0,
18.40615,-66.0432382,9:49:40,2.1,1.0,139.0,35380.0,
18.4071545,-66.0419177,9:51:10,1.0,2.2,90.0,35470.0,
18.4076123,-66.0398481,9:53:39,1.0,2.2,149.0,35619.0,
18.4042147,-66.0447955,9:56:40,3.0,4.0,181.0,35800.0,
18.4036904,-66.0455046,9:58:26,4.0,5.0,106.0,35906.0,
18.4034143,-66.046157,9:59:20,5.0,6.0,54.0,35960.0,1109.0
18.4041796,-66.0484439,10:0:4,6.0,13.0,44.0,36004.0,1136.0
18.4035718,-66.0497826,10:1:15,13.0,24.0,71.0,36075.0,1159.0
18.4047448,-66.0504197,10:2:25,24.0,23.0,70.0,36145.0,1182.0
18.4062408,-66.0502325,10:2:56,23.0,20.0,31.0,36176.0,1180.0
18.4072817,-66.0495634,10:3:48,20.0,19.0,52.0,36228.0,1135.0
18.4066811,-66.0487839,10:4:13,19.0,9.0,25.0,36253.0,1123.0
18.4060574,-66.0479295,10:4:31,9.0,10.0,18.0,36271.0,1114.0
18.4059289,-66.0469875,10:5:9,9.0,10.0,38.0,36309.0,
18.4062117,-66.0452215,10:5:53,11.0,2.1,44.0,36353.0,1112.0
18.4061986,-66.0436616,10:7:52,2.1,1.0,119.0,36472.0,1092.0
18.4103869,-66.0398481,10:9:21,1.0,2.2,89.0,36561.0,942.0
18.4069307,-66.0428508,10:11:54,2.1,1.0,153.0,36714.0,
18.4048312,-66.0450779,10:14:47,3.0,4.0,173.0,36887.0,1087.0
18.4037014,-66.0455227,10:16:28,4.0,5.0,101.0,36988.0,1082.0
18.4040061,-66.0463119,10:16:56,5.0,6.0,28.0,37016.0,1056.0
18.4042852,-66.047647,10:17:24,6.0,13.0,28.0,37044.0,1040.0
18.403546,-66.0496956,10:18:18,13.0,24.0,54.0,37098.0,1023.0
18.40400049342092,-66.04972511751818,14:31:53,13.0,24.0,,52313.0,
18.404600623151826,-66.0504925285129,14:32:31,24.0,23.0,38.0,52351.0,
18.40633482116135,-66.05028869149834,14:33:24,23.0,20.0,53.0,52404.0,
18.40716036523581,-66.04928478995446,14:34:7,20.0,19.0,43.0,52447.0,
18.40661675103063,-66.0485263319704,14:34:33,19.0,9.0,26.0,52473.0,
18.40616590981921,-66.04788451408572,14:34:51,9.0,10.0,18.0,52491.0,
18.406827415175933,-66.0467967312223,14:35:27,10.0,11.0,36.0,52527.0,
18.40625951437579,-66.04507100993513,14:38:18,11.0,2.1,171.0,52698.0,
18.406166999168573,-66.04327154303711,14:42:46,2.1,1.0,268.0,52966.0,
18.40704023778225,-66.041999558465,14:43:22,1.0,2.2,36.0,53002.0,
18.406224525671693,-66.04304218113371,14:45:14,2.1,1.0,112.0,53114.0,
18.40364789885122,-66.04533674857237,14:48:24,4.0,5.0,190.0,53304.0,
18.40374979780168,-66.04639244952327,14:48:42,5.0,6.0,18.0,53322.0,
18.403751,-66.046593,8:17:22,5.0,6.0,32.0,29842.0,
18.403879,-66.048199,8:18:09,6.0,13.0,47.0,29889.0,
18.403955,-66.049898,8:19:08,13.0,24.0,59.0,29948.0,
18.404698,-66.050468,8:19:37,24.0,23.0,29.0,29977.0,
18.40644,-66.05014,8:20:18,23.0,20.0,41.0,30018.0,
18.407062,-66.049323,8:20:33,20.0,19.0,15.0,30033.0,
18.406503,-66.04852,8:20:42,19.0,9.0,9.0,30042.0,
18.406018,-66.047806,8:21:13,9.0,10.0,31.0,30073.0,
18.406766,-66.046771,8:21:58,10.0,11.0,45.0,30118.0,
18.406078,-66.04477,8:22:08,11.0,2.1,10.0,30128.0,
18.406243,-66.043161,8:24:25,2.1,1,137.0,30265.0,
18.40717,-66.041989,8:30:00,1,2.2,335.0,30600.0,
18.406243,-66.043161,8:32:21,2.2,3,141.0,30741.0,
18.404856,-66.044836,8:34:47,3,4,146.0,30887.0,
18.403636,-66.045492,8:35:19,4,5,32.0,30919.0,
18.403751,-66.046593,8:35:48,5,6,29.0,30948.0,1106
18.403879,-66.048199,8:36:51,6,13,63.0,31011.0,1122
18.403955,-66.049898,8:38:04,13,24,73.0,31084.0,1136
18.404698,-66.050468,8:38:39,24,23,35.0,31119.0,1142
18.40644,-66.05014,8:38:52,23,20,13.0,31132.0,1114
18.407062,-66.049323,8:39:01,20,19,9.0,31141.0,1108
18.406503,-66.04852,8:39:49,19,9,48.0,31189.0,1147
18.406018,-66.047806,8:40:15,9,10,26.0,31215.0,1142
18.406766,-66.046771,8:41:04,10,11,49.0,31264.0,1146
18.406078,-66.04477,8:41:46,11,2.1,42.0,31306.0,1178
18.406243,-66.043161,8:41:48,2.1,1,2.0,31308.0,1043
18.40717,-66.041989,8:48:00,1,2.2,372.0,31680.0,1080
18.406243,-66.043161,8:50:25,2.2,3,145.0,31825.0,1084
18.404856,-66.044836,8:51:43,3,4,78.0,31903.0,1016
18.403636,-66.045492,8:52:21,4,5,38.0,31941.0,1022
18.403751,-66.046593,8:52:47,5,6,26.0,31967.0,1019
18.403879,-66.048199,8:53:51,6,13,64.0,32031.0,1020
18.403955,-66.049898,8:54:24,13,24,33.0,32064.0,980
18.404698,-66.050468,8:54:55,24,23,31.0,32095.0,976
18.40644,-66.05014,8:55:29,23,20,34.0,32129.0,997
18.407062,-66.049323,8:55:37,20,19,8.0,32137.0,996
18.406503,-66.04852,8:55:52,19,9,15.0,32152.0,963
18.406018,-66.047806,8:56:28,9,10,36.0,32188.0,973
18.406766,-66.046771,8:57:11,10,11,43.0,32231.0,967
18.406078,-66.04477,8:59:14,11,2.1,123.0,32354.0,1048
18.406243,-66.043161,8:59:36,2.1,1,22.0,32376.0,1068
18.40717,-66.041989,9:03:29,1,2.2,233.0,32609.0,929
18.406243,-66.043161,9:05:12,2.2,3,103.0,32712.0,887
18.404856,-66.044836,9:06:28,3,4,76.0,32788.0,885
18.403636,-66.045492,9:07:09,4,5,41.0,32829.0,888
18.403751,-66.046593,9:07:48,5,6,39.0,32868.0,901
18.403879,-66.048199,9:08:29,6,13,41.0,32909.0,878
18.403955,-66.049898,9:09:23,13,24,54.0,32963.0,899
18.404698,-66.050468,9:09:56,24,23,33.0,32996.0,901
18.40644,-66.05014,9:10:38,23,20,42.0,33038.0,909
18.407062,-66.049323,9:10:57,20,19,19.0,33057.0,920
18.406503,-66.04852,9:11:07,19,9,10.0,33067.0,915
18.406018,-66.047806,9:11:32,9,10,25.0,33092.0,904
18.406766,-66.046771,9:12:23,10,11,51.0,33143.0,912
18.406078,-66.04477,9:12:37,11,2.1,14.0,33157.0,803
18.406243,-66.043161,9:15:27,2.1,1,170.0,33327.0,951
18.40717,-66.041989,9:16:04,1,2.2,37.0,33364.0,755
18.406243,-66.043161,9:19:55,2.2,3,231.0,33595.0,883
18.404856,-66.044836,9:21:07,3,4,72.0,33667.0,879
18.403636,-66.045492,9:21:52,4,5,45.0,33712.0,883
18.403751,-66.046593,9:22:35,5,6,43.0,33755.0,887
18.403879,-66.048199,9:23:33,6,13,58.0,33813.0,904
18.403955,-66.049898,9:24:13,13,24,40.0,33853.0,890
18.404698,-66.050468,9:24:48,24,23,35.0,33888.0,892
18.40644,-66.05014,9:25:35,23,20,47.0,33935.0,897
18.407062,-66.049323,9:26:08,20,19,33.0,33968.0,911
18.406503,-66.04852,9:26:20,19,9,12.0,33980.0,913
18.406018,-66.047806,9:27:06,9,10,46.0,34026.0,934
18.406766,-66.046771,9:27:49,10,11,43.0,34069.0,926
18.406078,-66.04477,9:30:09,11,2.1,140.0,34209.0,1052
18.406243,-66.043161,9:33:20,2.1,1,191.0,34400.0,1073
18.40717,-66.041989,9:34:19,1,2.2,59.0,34459.0,1095
18.406243,-66.043161,9:36:58,2.2,3,159.0,34618.0,1023
18.404856,-66.044836,9:39:02,3,4,124.0,34742.0,1075
18.403636,-66.045492,9:39:36,4,5,34.0,34776.0,1064
18.403751,-66.046593,8:15:22,5,6,31.0,29722.0,
18.403879,-66.048199,8:15:56,6,13,34.0,29756.0,
18.403955,-66.049898,8:17:01,13,24,65.0,29821.0,
18.404698,-66.050468,8:17:35,24,23,34.0,29855.0,
18.40644,-66.05014,8:18:25,23,20,50.0,29905.0,
18.407062,-66.049323,8:18:42,20,19,17.0,29922.0,
18.406503,-66.04852,8:19:05,19,9,23.0,29945.0,
18.406018,-66.047806,8:19:40,9,10,35.0,29980.0,
18.406766,-66.046771,8:20:31,10,11,51.0,30031.0,
18.406078,-66.04477,8:20:49,11,2.1,18.0,30049.0,
18.406243,-66.043161,8:20:58,2.1,1,9.0,30058.0,
18.40717,-66.041989,8:27:08,1,2.2,370.0,30428.0,
18.406243,-66.043161,8:30:02,2.2,3,174.0,30602.0,
18.404856,-66.044836,8:32:07,3,4,125.0,30727.0,
18.403636,-66.045492,8:32:27,4,5,20.0,30747.0,
18.403751,-66.046593,8:33:04,5,6,37.0,30784.0,1062
18.403879,-66.048199,8:33:51,6,13,47.0,30831.0,1075
18.403955,-66.049898,8:34:26,13,24,35.0,30866.0,1045
18.404698,-66.050468,8:34:59,24,23,33.0,30899.0,1044
18.40644,-66.05014,8:35:13,23,20,14.0,30913.0,1008
18.407062,-66.049323,8:35:27,20,19,14.0,30927.0,1005
18.406503,-66.04852,8:36:20,19,9,53.0,30980.0,1035
18.406018,-66.047806,8:36:57,9,10,37.0,31017.0,1037
18.406766,-66.046771,8:37:29,10,11,32.0,31049.0,1018
18.406078,-66.04477,8:38:02,11,2.1,33.0,31082.0,1033
18.406243,-66.043161,8:39:26,2.1,1,84.0,31166.0,1108
18.40717,-66.041989,8:44:07,1,2.2,281.0,31447.0,1019
18.406243,-66.043161,8:47:34,2.2,3,207.0,31654.0,1052
18.404856,-66.044836,8:49:26,3,4,112.0,31766.0,1039
18.403636,-66.045492,8:50:02,4,5,36.0,31802.0,1055
18.403751,-66.046593,8:50:30,5,6,28.0,31830.0,1046
18.403879,-66.048199,8:51:34,6,13,64.0,31894.0,1063
18.403955,-66.049898,8:52:10,13,24,36.0,31930.0,1064
18.404698,-66.050468,8:52:31,24,23,21.0,31951.0,1052
18.40644,-66.05014,8:52:41,23,20,10.0,31961.0,1048
18.407062,-66.049323,8:53:14,20,19,33.0,31994.0,1067
18.406503,-66.04852,8:53:44,19,9,30.0,32024.0,1044
18.406018,-66.047806,8:54:27,9,10,43.0,32067.0,1050
18.406766,-66.046771,8:55:17,10,11,50.0,32117.0,1068
18.406078,-66.04477,8:58:59,11,2.1,222.0,32339.0,1257
18.406243,-66.043161,9:00:08,2.1,1,69.0,32408.0,1242
18.40717,-66.041989,9:04:43,1,2.2,275.0,32683.0,1236
18.406243,-66.043161,9:06:39,2.2,3,116.0,32799.0,1145
18.404856,-66.044836,9:08:47,3,4,128.0,32927.0,1161
18.403636,-66.045492,9:09:30,4,5,43.0,32970.0,1168
18.403751,-66.046593,9:10:06,5,6,36.0,33006.0,1176
18.403879,-66.048199,9:10:46,6,13,40.0,33046.0,1152
18.403955,-66.049898,9:11:58,13,24,72.0,33118.0,1188
18.404698,-66.050468,9:12:26,24,23,28.0,33146.0,1195
18.40644,-66.05014,9:12:41,23,20,15.0,33161.0,1200
18.407062,-66.049323,9:12:59,20,19,18.0,33179.0,1185
18.406503,-66.04852,9:13:05,19,9,6.0,33185.0,1161
18.406018,-66.047806,9:13:35,9,10,30.0,33215.0,1148
18.406766,-66.046771,9:14:21,10,11,46.0,33261.0,1144
18.406078,-66.04477,9:16:49,11,2.1,148.0,33409.0,1070
18.406243,-66.043161,9:18:52,2.1,1,123.0,33532.0,1124
18.40717,-66.041989,9:25:08,1,2.2,376.0,33908.0,1225
18.406243,-66.043161,9:27:21,2.2,3,133.0,34041.0,1242
18.404856,-66.044836,9:29:45,3,4,144.0,34185.0,1258
18.403636,-66.045492,9:30:32,4,5,47.0,34232.0,1262
18.403751,-66.046593,9:31:15,5,6,43.0,34275.0,1269
18.403879,-66.048199,9:32:10,6,13,55.0,34330.0,1284
18.403955,-66.049898,9:33:00,13,24,50.0,34380.0,1262
18.404698,-66.050468,9:33:22,24,23,22.0,34402.0,1256
18.40644,-66.05014,9:34:11,23,20,49.0,34451.0,1290
18.407062,-66.049323,9:34:33,20,19,22.0,34473.0,1294
18.406503,-66.04852,9:34:55,19,9,22.0,34495.0,1310
18.406018,-66.047806,9:35:32,9,10,37.0,34532.0,1317
18.406766,-66.046771,9:36:19,10,11,47.0,34579.0,1318
18.406078,-66.04477,9:38:34,11,2.1,135.0,34714.0,1305
18.406243,-66.043161,9:38:47,2.1,1,13.0,34727.0,1195
18.40717,-66.041989,9:38:55,1,2.2,8.0,34735.0,827
18.406243,-66.043161,9:42:34,2.2,3,219.0,34954.0,913
18.404856,-66.044836,9:44:07,3,4,93.0,35047.0,862
18.403636,-66.045492,9:44:23,4,5,16.0,35063.0,831
18.403751,-66.046593,8:14:28,5,6,48.0,29668.0,
18.403879,-66.048199,8:15:35,6,13,67.0,29735.0,
18.403955,-66.049898,8:16:26,13,24,51.0,29786.0,
18.404698,-66.050468,8:16:55,24,23,29.0,29815.0,
18.40644,-66.05014,8:17:27,23,20,32.0,29847.0,
18.407062,-66.049323,8:17:37,20,19,10.0,29857.0,
18.406503,-66.04852,8:18:17,19,9,40.0,29897.0,
18.406018,-66.047806,8:18:38,9,10,21.0,29918.0,
18.406766,-66.046771,8:19:30,10,11,52.0,29970.0,
18.406078,-66.04477,8:22:25,11,2.1,175.0,30145.0,
18.406243,-66.043161,8:24:46,2.1,1,141.0,30286.0,
18.40717,-66.041989,8:27:37,1,2.2,171.0,30457.0,
18.406243,-66.043161,8:30:18,2.2,3,161.0,30618.0,
18.404856,-66.044836,8:31:28,3,4,70.0,30688.0,
18.403636,-66.045492,8:31:53,4,5,25.0,30713.0,
18.403751,-66.046593,8:32:23,5,6,30.0,30743.0,1075
18.403879,-66.048199,8:32:55,6,13,32.0,30775.0,1040
18.403955,-66.049898,8:34:00,13,24,65.0,30840.0,1054
18.404698,-66.050468,8:34:28,24,23,28.0,30868.0,1053
18.40644,-66.05014,8:35:03,23,20,35.0,30903.0,1056
18.407062,-66.049323,8:35:14,20,19,11.0,30914.0,1057
18.406503,-66.04852,8:35:37,19,9,23.0,30937.0,1040
18.406018,-66.047806,8:35:57,9,10,20.0,30957.0,1039
18.406766,-66.046771,8:36:37,10,11,40.0,30997.0,1027
18.406078,-66.04477,8:37:46,11,2.1,69.0,31066.0,921
18.406243,-66.043161,8:38:44,2.1,1,58.0,31124.0,838
18.40717,-66.041989,8:42:09,1,2.2,205.0,31329.0,872
18.406243,-66.043161,8:45:48,2.2,3,219.0,31548.0,930
18.404856,-66.044836,8:46:39,3,4,51.0,31599.0,911
18.403636,-66.045492,8:47:08,4,5,29.0,31628.0,915
18.403751,-66.046593,8:47:35,5,6,27.0,31655.0,912
18.403879,-66.048199,8:48:11,6,13,36.0,31691.0,916
18.403955,-66.049898,8:48:42,13,24,31.0,31722.0,882
18.404698,-66.050468,8:49:12,24,23,30.0,31752.0,884
18.40644,-66.05014,8:49:27,23,20,15.0,31767.0,864
18.407062,-66.049323,8:50:13,20,19,46.0,31813.0,899
18.406503,-66.04852,8:50:27,19,9,14.0,31827.0,890
18.406018,-66.047806,8:51:10,9,10,43.0,31870.0,913
18.406766,-66.046771,8:51:55,10,11,45.0,31915.0,918
18.406078,-66.04477,8:54:41,11,2.1,166.0,32081.0,1015
18.406243,-66.043161,8:56:08,2.1,1,87.0,32168.0,1044
18.40717,-66.041989,9:02:03,1,2.2,355.0,32523.0,1194
18.406243,-66.043161,9:03:03,2.2,3,60.0,32583.0,1035
18.404856,-66.044836,9:03:36,3,4,33.0,32616.0,1017
18.403636,-66.045492,9:04:04,4,5,28.0,32644.0,1016
18.403751,-66.046593,9:04:41,5,6,37.0,32681.0,1026
18.403879,-66.048199,9:05:18,6,13,37.0,32718.0,1027
18.403955,-66.049898,9:06:18,13,24,60.0,32778.0,1056
18.404698,-66.050468,9:06:49,24,23,31.0,32809.0,1057
18.40644,-66.05014,9:07:20,23,20,31.0,32840.0,1073
18.407062,-66.049323,9:07:47,20,19,27.0,32867.0,1054
18.406503,-66.04852,9:08:18,19,9,31.0,32898.0,1071
18.406018,-66.047806,9:08:45,9,10,27.0,32925.0,1055
18.406766,-66.046771,9:09:29,10,11,44.0,32969.0,1054
18.406078,-66.04477,9:09:52,11,2.1,23.0,32992.0,911
18.406243,-66.043161,9:10:17,2.1,1,25.0,33017.0,849
18.40717,-66.041989,9:13:57,1,2.2,220.0,33237.0,714
18.406243,-66.043161,9:16:50,2.2,3,173.0,33410.0,827
18.404856,-66.044836,9:18:38,3,4,108.0,33518.0,902
18.403636,-66.045492,9:19:11,4,5,33.0,33551.0,907
18.403751,-66.046593,9:20:03,5,6,52.0,33603.0,922
18.403879,-66.048199,9:21:00,6,13,57.0,33660.0,942
18.403955,-66.049898,9:21:54,13,24,54.0,33714.0,936
18.404698,-66.050468,9:22:17,24,23,23.0,33737.0,928
18.40644,-66.05014,9:23:18,23,20,61.0,33798.0,958
18.407062,-66.049323,9:23:34,20,19,16.0,33814.0,947
18.406503,-66.04852,9:23:43,19,9,9.0,33823.0,925
18.406018,-66.047806,9:24:23,9,10,40.0,33863.0,938
18.406766,-66.046771,9:25:01,10,11,38.0,33901.0,932
18.406078,-66.04477,9:26:35,11,2.1,94.0,33995.0,1003
18.406243,-66.043161,9:29:15,2.1,1,160.0,34155.0,1138
18.40717,-66.041989,9:30:33,1,2.2,78.0,34233.0,996
18.406243,-66.043161,9:32:56,2.2,3,143.0,34376.0,966
18.404856,-66.044836,9:33:43,3,4,47.0,34423.0,905
18.403636,-66.045492,9:34:07,4,5,24.0,34447.0,896
18.403751,-66.046593,8:24:27,5,6,36.0,30267.0,
18.403879,-66.048199,8:25:18,6,13,51.0,30318.0,
18.403955,-66.049898,8:26:17,13,24,59.0,30377.0,
18.404698,-66.050468,8:26:51,24,23,34.0,30411.0,
18.40644,-66.05014,8:27:21,23,20,30.0,30441.0,
18.407062,-66.049323,8:27:30,20,19,9.0,30450.0,
18.406503,-66.04852,8:28:25,19,9,55.0,30505.0,
18.406018,-66.047806,8:28:58,9,10,33.0,30538.0,
18.406766,-66.046771,8:29:45,10,11,47.0,30585.0,
18.406078,-66.04477,8:29:59,11,2.1,14.0,30599.0,
18.406243,-66.043161,8:31:53,2.1,1,114.0,30713.0,
18.40717,-66.041989,8:36:51,1,2.2,298.0,31011.0,
18.406243,-66.043161,8:38:58,2.2,3,127.0,31138.0,
18.404856,-66.044836,8:41:22,3,4,144.0,31282.0,
18.403636,-66.045492,8:41:33,4,5,11.0,31293.0,
18.403751,-66.046593,8:42:22,5,6,49.0,31342.0,1075
18.403879,-66.048199,8:43:18,6,13,56.0,31398.0,1080
18.403955,-66.049898,8:44:01,13,24,43.0,31441.0,1064
18.404698,-66.050468,8:44:41,24,23,40.0,31481.0,1070
18.40644,-66.05014,8:45:18,23,20,37.0,31518.0,1077
18.407062,-66.049323,8:45:35,20,19,17.0,31535.0,1085
18.406503,-66.04852,8:46:04,19,9,29.0,31564.0,1059
18.406018,-66.047806,8:46:48,9,10,44.0,31608.0,1070
18.406766,-66.046771,8:47:35,10,11,47.0,31655.0,1070
18.406078,-66.04477,8:47:49,11,2.1,14.0,31669.0,1070
18.406243,-66.043161,8:48:01,2.1,1,12.0,31681.0,968
18.40717,-66.041989,8:54:03,1,2.2,362.0,32043.0,1032
18.406243,-66.043161,8:56:49,2.2,3,166.0,32209.0,1071
18.404856,-66.044836,8:58:30,3,4,101.0,32310.0,1028
18.403636,-66.045492,8:58:52,4,5,22.0,32332.0,1039
18.403751,-66.046593,8:59:25,5,6,33.0,32365.0,1023
18.403879,-66.048199,9:00:38,6,13,73.0,32438.0,1040
18.403955,-66.049898,9:01:15,13,24,37.0,32475.0,1034
18.404698,-66.050468,9:01:43,24,23,28.0,32503.0,1022
18.40644,-66.05014,9:02:13,23,20,30.0,32533.0,1015
18.407062,-66.049323,9:02:33,20,19,20.0,32553.0,1018
18.406503,-66.04852,9:02:52,19,9,19.0,32572.0,1008
18.406018,-66.047806,9:03:20,9,10,28.0,32600.0,992
18.406766,-66.046771,9:03:58,10,11,38.0,32638.0,983
18.406078,-66.04477,9:04:52,11,2.1,54.0,32692.0,1023
18.406243,-66.043161,9:05:09,2.1,1,17.0,32709.0,1028
18.40717,-66.041989,9:09:31,1,2.2,262.0,32971.0,928
18.406243,-66.043161,9:10:57,2.2,3,86.0,33057.0,848
18.404856,-66.044836,9:12:52,3,4,115.0,33172.0,862
18.403636,-66.045492,9:13:38,4,5,46.0,33218.0,886
18.403751,-66.046593,9:14:22,5,6,44.0,33262.0,897
18.403879,-66.048199,9:15:01,6,13,39.0,33301.0,863
18.403955,-66.049898,9:16:13,13,24,72.0,33373.0,898
18.404698,-66.050468,9:16:41,24,23,28.0,33401.0,898
18.40644,-66.05014,9:17:19,23,20,38.0,33439.0,906
18.407062,-66.049323,9:17:39,20,19,20.0,33459.0,906
18.406503,-66.04852,9:17:39,19,9,0.0,33459.0,887
18.406018,-66.047806,9:18:08,9,10,29.0,33488.0,888
18.406766,-66.046771,9:19:02,10,11,54.0,33542.0,904
18.406078,-66.04477,9:20:17,11,2.1,75.0,33617.0,925
18.406243,-66.043161,9:20:45,2.1,1,28.0,33645.0,936
18.40717,-66.041989,9:22:43,1,2.2,118.0,33763.0,792
18.406243,-66.043161,9:25:09,2.2,3,146.0,33909.0,852
18.404856,-66.044836,9:27:13,3,4,124.0,34033.0,861
18.403636,-66.045492,9:28:09,4,5,56.0,34089.0,871
18.403751,-66.046593,9:28:42,5,6,33.0,34122.0,860
18.403879,-66.048199,9:30:01,6,13,79.0,34201.0,900
18.403955,-66.049898,9:31:10,13,24,69.0,34270.0,897
18.404698,-66.050468,9:31:36,24,23,26.0,34296.0,895
18.40644,-66.05014,9:32:12,23,20,36.0,34332.0,893
18.407062,-66.049323,9:32:37,20,19,25.0,34357.0,898
18.406503,-66.04852,9:32:57,19,9,20.0,34377.0,918
18.406018,-66.047806,9:33:23,9,10,26.0,34403.0,915
18.406766,-66.046771,9:34:09,10,11,46.0,34449.0,907
18.406078,-66.04477,9:37:33,11,2.1,204.0,34653.0,1036
18.406243,-66.043161,9:39:20,2.1,1,107.0,34760.0,1115
18.40717,-66.041989,9:40:46,1,2.2,86.0,34846.0,1083
18.406243,-66.043161,9:43:52,2.2,3,186.0,35032.0,1123
18.404856,-66.044836,9:45:00,3,4,68.0,35100.0,1067
18.403636,-66.045492,9:45:39,4,5,39.0,35139.0,1050
18.403751,-66.046593,8:19:44,5,6,51.0,29984.0,
18.403879,-66.048199,8:20:50,6,13,66.0,30050.0,
18.403955,-66.049898,8:21:42,13,24,52.0,30102.0,
18.404698,-66.050468,8:22:11,24,23,29.0,30131.0,
18.40644,-66.05014,8:23:07,23,20,56.0,30187.0,
18.407062,-66.049323,8:23:32,20,19,25.0,30212.0,
18.406503,-66.04852,8:24:19,19,9,47.0,30259.0,
18.406018,-66.047806,8:24:49,9,10,30.0,30289.0,
18.406766,-66.046771,8:25:39,10,11,50.0,30339.0,
18.406078,-66.04477,8:26:08,11,2.1,29.0,30368.0,
18.406243,-66.043161,8:29:29,2.1,1,201.0,30569.0,
18.40717,-66.041989,8:33:53,1,2.2,264.0,30833.0,
18.406243,-66.043161,8:36:52,2.2,3,179.0,31012.0,
18.404856,-66.044836,8:38:49,3,4,117.0,31129.0,
18.403636,-66.045492,8:39:10,4,5,21.0,31150.0,
18.403751,-66.046593,8:39:45,5,6,35.0,31185.0,1201
18.403879,-66.048199,8:40:42,6,13,57.0,31242.0,1192
18.403955,-66.049898,8:41:36,13,24,54.0,31296.0,1194
18.404698,-66.050468,8:42:07,24,23,31.0,31327.0,1196
18.40644,-66.05014,8:42:37,23,20,30.0,31357.0,1170
18.407062,-66.049323,8:42:59,20,19,22.0,31379.0,1167
18.406503,-66.04852,8:43:41,19,9,42.0,31421.0,1162
18.406018,-66.047806,8:44:25,9,10,44.0,31465.0,1176
18.406766,-66.046771,8:45:08,10,11,43.0,31508.0,1169
18.406078,-66.04477,8:46:06,11,2.1,58.0,31566.0,1198
18.406243,-66.043161,8:47:57,2.1,1,111.0,31677.0,1108
18.40717,-66.041989,8:50:43,1,2.2,166.0,31843.0,1010
18.406243,-66.043161,8:53:44,2.2,3,181.0,32024.0,1012
18.404856,-66.044836,8:54:29,3,4,45.0,32069.0,940
18.403636,-66.045492,8:54:58,4,5,29.0,32098.0,948
18.403751,-66.046593,8:55:25,5,6,27.0,32125.0,940
18.403879,-66.048199,8:56:34,6,13,69.0,32194.0,952
18.403955,-66.049898,8:57:29,13,24,55.0,32249.0,953
18.404698,-66.050468,8:57:56,24,23,27.0,32276.0,949
18.40644,-66.05014,8:58:19,23,20,23.0,32299.0,942
18.407062,-66.049323,8:58:29,20,19,10.0,32309.0,930
18.406503,-66.04852,8:59:10,19,9,41.0,32350.0,929
18.406018,-66.047806,8:59:55,9,10,45.0,32395.0,930
18.406766,-66.046771,9:00:43,10,11,48.0,32443.0,935
18.406078,-66.04477,9:02:50,11,2.1,127.0,32570.0,1004
18.406243,-66.043161,9:03:02,2.1,1,12.0,32582.0,905
18.40717,-66.041989,9:06:51,1,2.2,229.0,32811.0,968
18.406243,-66.043161,9:08:53,2.2,3,122.0,32933.0,909
18.404856,-66.044836,9:10:42,3,4,109.0,33042.0,973
18.403636,-66.045492,9:11:34,4,5,52.0,33094.0,996
18.403751,-66.046593,9:12:09,5,6,35.0,33129.0,1004
18.403879,-66.048199,9:12:53,6,13,44.0,33173.0,979
18.403955,-66.049898,9:13:58,13,24,65.0,33238.0,989
18.404698,-66.050468,9:14:27,24,23,29.0,33267.0,991
18.40644,-66.05014,9:14:43,23,20,16.0,33283.0,984
18.407062,-66.049323,9:15:17,20,19,34.0,33317.0,1008
18.406503,-66.04852,9:15:26,19,9,9.0,33326.0,976
18.406018,-66.047806,9:15:43,9,10,17.0,33343.0,948
18.406766,-66.046771,9:16:42,10,11,59.0,33402.0,959
18.406078,-66.04477,9:17:57,11,2.1,75.0,33477.0,907
18.406243,-66.043161,9:20:49,2.1,1,172.0,33649.0,1067
18.40717,-66.041989,9:24:20,1,2.2,211.0,33860.0,1049
18.406243,-66.043161,9:28:00,2.2,3,220.0,34080.0,1147
18.404856,-66.044836,9:30:42,3,4,162.0,34242.0,1200
18.403636,-66.045492,9:31:32,4,5,50.0,34292.0,1198
18.403751,-66.046593,9:32:13,5,6,41.0,34333.0,1204
18.403879,-66.048199,9:33:14,6,13,61.0,34394.0,1221
18.403955,-66.049898,9:34:03,13,24,49.0,34443.0,1205
18.404698,-66.050468,9:34:33,24,23,30.0,34473.0,1206
18.40644,-66.05014,9:35:15,23,20,42.0,34515.0,1232
18.407062,-66.049323,9:35:42,20,19,27.0,34542.0,1225
18.406503,-66.04852,9:35:59,19,9,17.0,34559.0,1233
18.406018,-66.047806,9:36:31,9,10,32.0,34591.0,1248
18.406766,-66.046771,9:37:25,10,11,54.0,34645.0,1243
18.406078,-66.04477,9:38:47,11,2.1,82.0,34727.0,1250
18.406243,-66.043161,9:40:36,2.1,1,109.0,34836.0,1187
18.40717,-66.041989,9:43:11,1,2.2,155.0,34991.0,1131
18.406243,-66.043161,9:46:07,2.2,3,176.0,35167.0,1087
18.404856,-66.044836,9:48:24,3,4,137.0,35304.0,1062
18.403636,-66.045492,9:48:51,4,5,27.0,35331.0,1039
