time_Seconds,round_trip,stop,time,elapsed,lat,lon,next_stop
29734.0,,6.0,8:15:34,,18.403879,-66.048199,13.0
29808.0,,13.0,8:16:48,74,18.403955,-66.049898,24.0
29927.0,,23.0,8:18:47,119,18.40644,-66.05014,20.0
29967.0,,20.0,8:19:27,40,18.407062,-66.049323,19.0
30010.0,,19.0,8:20:10,43,18.406503,-66.04852,9.0
30038.0,,9.0,8:20:38,28,18.406018,-66.047806,10.0
30122.0,,10.0,8:22:02,84,18.406766,-66.046771,11.0
30162.0,,11.0,8:22:42,40,18.406078,-66.04477,2.1
30286.0,,2.1,8:24:46,124,18.406243,-66.043161,1.0
30337.0,,1.0,8:25:37,51,18.40717,-66.041989,2.2
30454.0,,3.0,8:27:34,117,18.404856,-66.044836,4.0
30543.0,,4.0,8:29:03,89,18.403636,-66.045492,5.0
30621.0,,5.0,8:30:21,78,18.403751,-66.046593,6.0
30679.0,,24.0,8:31:19,58,18.404698,-66.050468,23.0
30719.0,985,6.0,8:31:59,40,18.403879,-66.048199,13.0
30832.0,1024,13.0,8:33:52,113,18.403955,-66.049898,24.0
30875.0,948,23.0,8:34:35,43,18.40644,-66.05014,20.0
30937.0,970,20.0,8:35:37,62,18.407062,-66.049323,19.0
30975.0,965,19.0,8:36:15,38,18.406503,-66.04852,9.0
30988.0,950,9.0,8:36:28,13,18.406018,-66.047806,10.0
31059.0,937,10.0,8:37:39,71,18.406766,-66.046771,11.0
31112.0,950,11.0,8:38:32,53,18.406078,-66.04477,2.1
31366.0,1080,2.1,8:42:46,254,18.406243,-66.043161,1.0
31423.0,1086,1.0,8:43:43,57,18.40717,-66.041989,2.2
31600.0,1146,3.0,8:46:40,177,18.404856,-66.044836,4.0
31663.0,1120,4.0,8:47:43,63,18.403636,-66.045492,5.0
31668.0,1047,5.0,8:47:48,5,18.403751,-66.046593,6.0
31707.0,1028,24.0,8:48:27,39,18.404698,-66.050468,23.0
31731.0,1012,6.0,8:48:51,24,18.403879,-66.048199,13.0
31766.0,934,13.0,8:49:26,35,18.403955,-66.049898,24.0
31841.0,966,23.0,8:50:41,75,18.40644,-66.05014,20.0
31878.0,941,20.0,8:51:18,37,18.407062,-66.049323,19.0
31905.0,930,19.0,8:51:45,27,18.406503,-66.04852,9.0
31926.0,938,9.0,8:52:06,21,18.406018,-66.047806,10.0
32146.0,1087,10.0,8:55:46,220,18.406766,-66.046771,11.0
32204.0,1092,11.0,8:56:44,58,18.406078,-66.04477,2.1
32251.0,885,2.1,8:57:31,47,18.406243,-66.043161,1.0
32350.0,927,1.0,8:59:10,99,18.40717,-66.041989,2.2
32434.0,834,3.0,9:00:34,84,18.404856,-66.044836,4.0
32509.0,846,4.0,9:01:49,75,18.403636,-66.045492,5.0
32509.0,841,5.0,9:01:49,0,18.403751,-66.046593,6.0
32557.0,850,24.0,9:02:37,48,18.404698,-66.050468,23.0
32708.0,199,4.0,9:05:08,151,18.403636,-66.045492,5.0
32737.0,228,5.0,9:05:37,29,18.403751,-66.046593,6.0
32762.0,1031,6.0,9:06:02,25,18.403879,-66.048199,13.0
32802.0,1036,13.0,9:06:42,40,18.403955,-66.049898,24.0
32852.0,295,24.0,9:07:32,50,18.404698,-66.050468,23.0
33121.0,771,1.0,9:12:01,269,18.40717,-66.041989,2.2
33158.0,1317,23.0,9:12:38,37,18.40644,-66.05014,20.0
33182.0,1304,20.0,9:13:02,24,18.407062,-66.049323,19.0
33208.0,1303,19.0,9:13:28,26,18.406503,-66.04852,9.0
33252.0,1326,9.0,9:14:12,44,18.406018,-66.047806,10.0
33298.0,1152,10.0,9:14:58,46,18.406766,-66.046771,11.0
33405.0,1201,11.0,9:16:45,107,18.406078,-66.04477,2.1
33462.0,1211,2.1,9:17:42,57,18.406243,-66.043161,1.0
33543.0,1109,3.0,9:19:03,81,18.404856,-66.044836,4.0
33663.0,955,4.0,9:21:03,120,18.403636,-66.045492,5.0
33679.0,942,5.0,9:21:19,16,18.403751,-66.046593,6.0
33684.0,922,6.0,9:21:24,5,18.403879,-66.048199,13.0
33687.0,885,13.0,9:21:27,3,18.403955,-66.049898,24.0
33716.0,864,24.0,9:21:56,29,18.404698,-66.050468,23.0
33784.0,663,1.0,9:23:04,68,18.40717,-66.041989,2.2
33826.0,668,23.0,9:23:46,42,18.40644,-66.05014,20.0
33841.0,659,20.0,9:24:01,15,18.407062,-66.049323,19.0
33869.0,661,19.0,9:24:29,28,18.406503,-66.04852,9.0
33901.0,649,9.0,9:25:01,32,18.406018,-66.047806,10.0
33950.0,652,10.0,9:25:50,49,18.406766,-66.046771,11.0
34042.0,637,11.0,9:27:22,92,18.406078,-66.04477,2.1
34214.0,752,2.1,9:30:14,172,18.406243,-66.043161,1.0
34353.0,810,3.0,9:32:33,139,18.404856,-66.044836,4.0
34359.0,696,4.0,9:32:39,6,18.403636,-66.045492,5.0
34377.0,698,5.0,9:32:57,18,18.403751,-66.046593,6.0
34450.0,766,6.0,9:34:10,73,18.403879,-66.048199,13.0
34472.0,785,13.0,9:34:32,22,18.403955,-66.049898,24.0
34508.0,792,24.0,9:35:08,36,18.404698,-66.050468,23.0
34678.0,894,1.0,9:37:58,170,18.40717,-66.041989,2.2
34692.0,866,23.0,9:38:12,14,18.40644,-66.05014,20.0
34732.0,891,20.0,9:38:52,40,18.407062,-66.049323,19.0
34763.0,894,19.0,9:39:23,31,18.406503,-66.04852,9.0
34777.0,876,9.0,9:39:37,14,18.406018,-66.047806,10.0
34822.0,872,10.0,9:40:22,45,18.406766,-66.046771,11.0
34879.0,837,11.0,9:41:19,57,18.406078,-66.04477,2.1
35003.0,789,2.1,9:43:23,124,18.406243,-66.043161,1.0
35153.0,800,3.0,9:45:53,150,18.404856,-66.044836,4.0
35243.0,884,4.0,9:47:23,90,18.403636,-66.045492,5.0
35285.0,908,5.0,9:48:05,42,18.403751,-66.046593,6.0
35312.0,862,6.0,9:48:32,27,18.403879,-66.048199,13.0
35371.0,899,13.0,9:49:31,59,18.403955,-66.049898,24.0
35401.0,893,24.0,9:50:01,30,18.404698,-66.050468,23.0
35403.0,725,1.0,9:50:03,2,18.40717,-66.041989,2.2
35436.0,744,23.0,9:50:36,33,18.40644,-66.05014,20.0
35461.0,729,20.0,9:51:01,25,18.407062,-66.049323,19.0
35494.0,731,19.0,9:51:34,33,18.406503,-66.04852,9.0
35516.0,739,9.0,9:51:56,22,18.406018,-66.047806,10.0
35558.0,736,10.0,9:52:38,42,18.406766,-66.046771,11.0
35615.0,736,11.0,9:53:35,57,18.406078,-66.04477,2.1
35698.0,695,2.1,9:54:58,83,18.406243,-66.043161,1.0
35779.0,626,3.0,9:56:19,81,18.404856,-66.044836,4.0
35851.0,608,4.0,9:57:31,72,18.403636,-66.045492,5.0
35872.0,587,5.0,9:57:52,21,18.403751,-66.046593,6.0
35912.0,600,6.0,9:58:32,40,18.403879,-66.048199,13.0
35963.0,592,13.0,9:59:23,51,18.403955,-66.049898,24.0
36002.0,601,24.0,10:00:02,39,18.404698,-66.050468,23.0
36175.0,772,1.0,10:02:55,173,18.40717,-66.041989,2.2
36177.0,741,23.0,10:02:57,2,18.40644,-66.05014,20.0
36211.0,750,20.0,10:03:31,34,18.407062,-66.049323,19.0
36241.0,747,19.0,10:04:01,30,18.406503,-66.04852,9.0
36265.0,749,9.0,10:04:25,24,18.406018,-66.047806,10.0
36272.0,714,10.0,10:04:32,7,18.406766,-66.046771,11.0
36375.0,760,11.0,10:06:15,103,18.406078,-66.04477,2.1
36538.0,840,2.1,10:08:58,163,18.406243,-66.043161,1.0
36667.0,888,3.0,10:11:07,129,18.404856,-66.044836,4.0
36701.0,789,6.0,10:11:41,34,18.403879,-66.048199,13.0
36801.0,590,20.0,10:13:21,100,18.407062,-66.049323,19.0
36849.0,886,13.0,10:14:09,48,18.403955,-66.049898,24.0
36900.0,635,9.0,10:15:00,51,18.406018,-66.047806,10.0
37035.0,497,2.1,10:17:15,135,18.406243,-66.043161,1.0
37085.0,813,10.0,10:18:05,50,18.406766,-66.046771,11.0
37174.0,1172,24.0,10:19:34,89,18.404698,-66.050468,23.0
37196.0,1019,23.0,10:19:56,22,18.40644,-66.05014,20.0
37267.0,892,11.0,10:21:07,71,18.406078,-66.04477,2.1
37282.0,1041,19.0,10:21:22,15,18.406503,-66.04852,9.0
37415.0,748,3.0,10:23:35,133,18.404856,-66.044836,4.0
37532.0,1357,1.0,10:25:32,117,18.40717,-66.041989,2.2
37577.0,1726,4.0,10:26:17,45,18.403636,-66.045492,5.0
37615.0,1743,5.0,10:26:55,38,18.403751,-66.046593,6.0
37636.0,935,6.0,10:27:16,21,18.403879,-66.048199,13.0
37715.0,914,20.0,10:28:35,79,18.407062,-66.049323,19.0
37737.0,888,13.0,10:28:57,22,18.403955,-66.049898,24.0
37759.0,859,9.0,10:29:19,22,18.406018,-66.047806,10.0
37876.0,841,2.1,10:31:16,117,18.406243,-66.043161,1.0
37900.0,815,10.0,10:31:40,24,18.406766,-66.046771,11.0
38004.0,830,24.0,10:33:24,104,18.404698,-66.050468,23.0
38045.0,849,23.0,10:34:05,41,18.40644,-66.05014,20.0
38102.0,835,11.0,10:35:02,57,18.406078,-66.04477,2.1
38132.0,850,19.0,10:35:32,30,18.406503,-66.04852,9.0
38267.0,852,3.0,10:37:47,135,18.404856,-66.044836,4.0
38354.0,822,1.0,10:39:14,87,18.40717,-66.041989,2.2
38403.0,826,4.0,10:40:03,49,18.403636,-66.045492,5.0
38421.0,806,5.0,10:40:21,18,18.403751,-66.046593,6.0
38454.0,818,6.0,10:40:54,33,18.403879,-66.048199,13.0
38456.0,741,20.0,10:40:56,2,18.407062,-66.049323,19.0
38525.0,788,13.0,10:42:05,69,18.403955,-66.049898,24.0
38556.0,797,9.0,10:42:36,31,18.406018,-66.047806,10.0
38666.0,790,2.1,10:44:26,110,18.406243,-66.043161,1.0
38692.0,792,10.0,10:44:52,26,18.406766,-66.046771,11.0
38771.0,767,24.0,10:46:11,79,18.404698,-66.050468,23.0
38832.0,787,23.0,10:47:12,61,18.40644,-66.05014,20.0
38887.0,785,11.0,10:48:07,55,18.406078,-66.04477,2.1
38950.0,818,19.0,10:49:10,63,18.406503,-66.04852,9.0
39191.0,924,3.0,10:53:11,241,18.404856,-66.044836,4.0
39335.0,981,1.0,10:55:35,144,18.40717,-66.041989,2.2
39424.0,1021,4.0,10:57:04,89,18.403636,-66.045492,5.0
39456.0,1035,5.0,10:57:36,32,18.403751,-66.046593,6.0
39514.0,1060,6.0,10:58:34,58,18.403879,-66.048199,13.0
39542.0,1086,20.0,10:59:02,28,18.407062,-66.049323,19.0
39547.0,1022,13.0,10:59:07,5,18.403955,-66.049898,24.0
39553.0,997,9.0,10:59:13,6,18.406018,-66.047806,10.0
39723.0,1057,2.1,11:02:03,170,18.406243,-66.043161,1.0
39768.0,1076,10.0,11:02:48,45,18.406766,-66.046771,11.0
39863.0,1092,24.0,11:04:23,95,18.404698,-66.050468,23.0
39934.0,1102,23.0,11:05:34,71,18.40644,-66.05014,20.0
39991.0,1104,11.0,11:06:31,57,18.406078,-66.04477,2.1
40026.0,1076,19.0,11:07:06,35,18.406503,-66.04852,9.0
40145.0,954,3.0,11:09:05,119,18.404856,-66.044836,4.0
40237.0,902,1.0,11:10:37,92,18.40717,-66.041989,2.2
40294.0,870,4.0,11:11:34,57,18.403636,-66.045492,5.0
40324.0,868,5.0,11:12:04,30,18.403751,-66.046593,6.0
40348.0,795,9.0,11:12:28,24,18.406018,-66.047806,10.0
40374.0,606,10.0,11:12:54,26,18.406766,-66.046771,11.0
40431.0,440,11.0,11:13:51,57,18.406078,-66.04477,2.1
40671.0,948,2.1,11:17:51,240,18.406243,-66.043161,1.0
40726.0,489,1.0,11:18:46,55,18.40717,-66.041989,2.2
40858.0,564,4.0,11:20:58,132,18.403636,-66.045492,5.0
40875.0,551,5.0,11:21:15,17,18.403751,-66.046593,6.0
40908.0,1394,6.0,11:21:48,33,18.403879,-66.048199,13.0
40941.0,1394,13.0,11:22:21,33,18.403955,-66.049898,24.0
40987.0,1124,24.0,11:23:07,46,18.404698,-66.050468,23.0
41021.0,1087,23.0,11:23:41,34,18.40644,-66.05014,20.0
41066.0,1524,20.0,11:24:26,45,18.407062,-66.049323,19.0
41085.0,1059,19.0,11:24:45,19,18.406503,-66.04852,9.0
41240.0,1095,3.0,11:27:20,155,18.404856,-66.044836,4.0
41257.0,909,9.0,11:27:37,17,18.406018,-66.047806,10.0
41284.0,910,10.0,11:28:04,27,18.406766,-66.046771,11.0
41315.0,884,11.0,11:28:35,31,18.406078,-66.04477,2.1
41363.0,692,2.1,11:29:23,48,18.406243,-66.043161,1.0
41417.0,691,1.0,11:30:17,54,18.40717,-66.041989,2.2
41508.0,650,4.0,11:31:48,91,18.403636,-66.045492,5.0
41526.0,651,5.0,11:32:06,18,18.403751,-66.046593,6.0
41578.0,670,6.0,11:32:58,52,18.403879,-66.048199,13.0
41620.0,679,13.0,11:33:40,42,18.403955,-66.049898,24.0
41689.0,702,24.0,11:34:49,69,18.404698,-66.050468,23.0
41715.0,694,23.0,11:35:15,26,18.40644,-66.05014,20.0
41765.0,699,20.0,11:36:05,50,18.407062,-66.049323,19.0
41799.0,714,19.0,11:36:39,34,18.406503,-66.04852,9.0
41954.0,714,3.0,11:39:14,155,18.404856,-66.044836,4.0
41999.0,742,9.0,11:39:59,45,18.406018,-66.047806,10.0
42028.0,744,10.0,11:40:28,29,18.406766,-66.046771,11.0
42099.0,784,11.0,11:41:39,71,18.406078,-66.04477,2.1
42134.0,771,2.1,11:42:14,35,18.406243,-66.043161,1.0
42263.0,846,1.0,11:44:23,129,18.40717,-66.041989,2.2
42523.0,1015,4.0,11:48:43,260,18.403636,-66.045492,5.0
42542.0,1016,5.0,11:49:02,19,18.403751,-66.046593,6.0
42564.0,986,6.0,11:49:24,22,18.403879,-66.048199,13.0
42599.0,979,13.0,11:49:59,35,18.403955,-66.049898,24.0
42648.0,959,24.0,11:50:48,49,18.404698,-66.050468,23.0
42674.0,959,23.0,11:51:14,26,18.40644,-66.05014,20.0
42699.0,934,20.0,11:51:39,25,18.407062,-66.049323,19.0
42735.0,936,19.0,11:52:15,36,18.406503,-66.04852,9.0
42890.0,936,3.0,11:54:50,155,18.404856,-66.044836,4.0
42920.0,921,9.0,11:55:20,30,18.406018,-66.047806,10.0
42948.0,920,10.0,11:55:48,28,18.406766,-66.046771,11.0
43005.0,906,11.0,11:56:45,57,18.406078,-66.04477,2.1
43225.0,1091,2.1,12:00:25,220,18.406243,-66.043161,1.0
43330.0,1067,1.0,12:02:10,105,18.40717,-66.041989,2.2
43516.0,993,4.0,12:05:16,186,18.403636,-66.045492,5.0
43532.0,990,5.0,12:05:32,16,18.403751,-66.046593,6.0
43557.0,993,6.0,12:05:57,25,18.403879,-66.048199,13.0
43584.0,985,13.0,12:06:24,27,18.403955,-66.049898,24.0
43644.0,996,24.0,12:07:24,60,18.404698,-66.050468,23.0
43674.0,1000,23.0,12:07:54,30,18.40644,-66.05014,20.0
43725.0,1026,20.0,12:08:45,51,18.407062,-66.049323,19.0
43744.0,1009,19.0,12:09:04,19,18.406503,-66.04852,9.0
43899.0,1009,3.0,12:11:39,155,18.404856,-66.044836,4.0
43952.0,395,6.0,12:12:32,53,18.403879,-66.048199,13.0
44029.0,445,13.0,12:13:49,77,18.403955,-66.049898,24.0
44141.0,467,23.0,12:15:41,112,18.40644,-66.05014,20.0
44154.0,429,20.0,12:15:54,13,18.407062,-66.049323,19.0
44185.0,441,19.0,12:16:25,31,18.406503,-66.04852,9.0
44212.0,1292,9.0,12:16:52,27,18.406018,-66.047806,10.0
44234.0,1286,10.0,12:17:14,22,18.406766,-66.046771,11.0
44297.0,1292,11.0,12:18:17,63,18.406078,-66.04477,2.1
44315.0,1090,2.1,12:18:35,18,18.406243,-66.043161,1.0
44416.0,1086,1.0,12:20:16,101,18.40717,-66.041989,2.2
44437.0,538,3.0,12:20:37,21,18.404856,-66.044836,4.0
44568.0,1052,4.0,12:22:48,131,18.403636,-66.045492,5.0
44587.0,1055,5.0,12:23:07,19,18.403751,-66.046593,6.0
44638.0,994,24.0,12:23:58,51,18.404698,-66.050468,23.0
44697.0,745,6.0,12:24:57,59,18.403879,-66.048199,13.0
44779.0,750,13.0,12:26:19,82,18.403955,-66.049898,24.0
44791.0,650,23.0,12:26:31,12,18.40644,-66.05014,20.0
44816.0,662,20.0,12:26:56,25,18.407062,-66.049323,19.0
44865.0,680,19.0,12:27:45,49,18.406503,-66.04852,9.0
44890.0,678,9.0,12:28:10,25,18.406018,-66.047806,10.0
44930.0,696,10.0,12:28:50,40,18.406766,-66.046771,11.0
45016.0,719,11.0,12:30:16,86,18.406078,-66.04477,2.1
45168.0,853,2.1,12:32:48,152,18.406243,-66.043161,1.0
45207.0,791,1.0,12:33:27,39,18.40717,-66.041989,2.2
45244.0,807,3.0,12:34:04,37,18.404856,-66.044836,4.0
45364.0,796,4.0,12:36:04,120,18.403636,-66.045492,5.0
45412.0,825,5.0,12:36:52,48,18.403751,-66.046593,6.0
45450.0,812,24.0,12:37:30,38,18.404698,-66.050468,23.0
45467.0,770,6.0,12:37:47,17,18.403879,-66.048199,13.0
45514.0,735,13.0,12:38:34,47,18.403955,-66.049898,24.0
45533.0,742,23.0,12:38:53,19,18.40644,-66.05014,20.0
45570.0,754,20.0,12:39:30,37,18.407062,-66.049323,19.0
45588.0,723,19.0,12:39:48,18,18.406503,-66.04852,9.0
45616.0,726,9.0,12:40:16,28,18.406018,-66.047806,10.0
45754.0,824,10.0,12:42:34,138,18.406766,-66.046771,11.0
45829.0,813,11.0,12:43:49,75,18.406078,-66.04477,2.1
45869.0,701,2.1,12:44:29,40,18.406243,-66.043161,1.0
45954.0,747,1.0,12:45:54,85,18.40717,-66.041989,2.2
46098.0,854,3.0,12:48:18,144,18.404856,-66.044836,4.0
46251.0,887,4.0,12:50:51,153,18.403636,-66.045492,5.0
46293.0,881,5.0,12:51:33,42,18.403751,-66.046593,6.0
46344.0,894,24.0,12:52:24,51,18.404698,-66.050468,23.0
46408.0,941,6.0,12:53:28,64,18.403879,-66.048199,13.0
46473.0,959,13.0,12:54:33,65,18.403955,-66.049898,24.0
46524.0,991,23.0,12:55:24,51,18.40644,-66.05014,20.0
46607.0,1037,20.0,12:56:47,83,18.407062,-66.049323,19.0
46641.0,1053,19.0,12:57:21,34,18.406503,-66.04852,9.0
46680.0,1064,9.0,12:58:00,39,18.406018,-66.047806,10.0
46691.0,937,10.0,12:58:11,11,18.406766,-66.046771,11.0
46721.0,892,11.0,12:58:41,30,18.406078,-66.04477,2.1
46913.0,1044,2.1,13:01:53,192,18.406243,-66.043161,1.0
47195.0,1241,1.0,13:06:35,282,18.40717,-66.041989,2.2
47350.0,1252,3.0,13:09:10,155,18.404856,-66.044836,4.0
47407.0,1156,4.0,13:10:07,57,18.403636,-66.045492,5.0
47431.0,1138,5.0,13:10:31,24,18.403751,-66.046593,6.0
47514.0,1170,24.0,13:11:54,83,18.404698,-66.050468,23.0
47553.0,1145,6.0,13:12:33,39,18.403879,-66.048199,13.0
47643.0,1170,13.0,13:14:03,90,18.403955,-66.049898,24.0
47733.0,1209,23.0,13:15:33,90,18.40644,-66.05014,20.0
47745.0,1138,20.0,13:15:45,12,18.407062,-66.049323,19.0
47772.0,1131,19.0,13:16:12,27,18.406503,-66.04852,9.0
47816.0,1136,9.0,13:16:56,44,18.406018,-66.047806,10.0
47821.0,1130,10.0,13:17:01,5,18.406766,-66.046771,11.0
47885.0,1164,11.0,13:18:05,64,18.406078,-66.04477,2.1
48057.0,1144,2.1,13:20:57,172,18.406243,-66.043161,1.0
48091.0,896,1.0,13:21:31,34,18.40717,-66.041989,2.2
48136.0,786,3.0,13:22:16,45,18.404856,-66.044836,4.0
48188.0,781,4.0,13:23:08,52,18.403636,-66.045492,5.0
48199.0,768,5.0,13:23:19,11,18.403751,-66.046593,6.0
48256.0,742,24.0,13:24:16,57,18.404698,-66.050468,23.0
48307.0,754,6.0,13:25:07,51,18.403879,-66.048199,13.0
48410.0,767,13.0,13:26:50,103,18.403955,-66.049898,24.0
48465.0,732,23.0,13:27:45,55,18.40644,-66.05014,20.0
48512.0,767,20.0,13:28:32,47,18.407062,-66.049323,19.0
48545.0,773,19.0,13:29:05,33,18.406503,-66.04852,9.0
48566.0,750,9.0,13:29:26,21,18.406018,-66.047806,10.0
48583.0,762,10.0,13:29:43,17,18.406766,-66.046771,11.0
48685.0,800,11.0,13:31:25,102,18.406078,-66.04477,2.1
48923.0,866,2.1,13:35:23,238,18.406243,-66.043161,1.0
49019.0,928,1.0,13:36:59,96,18.40717,-66.041989,2.2
49088.0,952,3.0,13:38:08,69,18.404856,-66.044836,4.0
49124.0,936,4.0,13:38:44,36,18.403636,-66.045492,5.0
49145.0,946,5.0,13:39:05,21,18.403751,-66.046593,6.0
49190.0,934,24.0,13:39:50,45,18.404698,-66.050468,23.0
49222.0,915,6.0,13:40:22,32,18.403879,-66.048199,13.0
49279.0,869,13.0,13:41:19,57,18.403955,-66.049898,24.0
49313.0,848,23.0,13:41:53,34,18.40644,-66.05014,20.0
49362.0,850,20.0,13:42:42,49,18.407062,-66.049323,19.0
49380.0,835,19.0,13:43:00,18,18.406503,-66.04852,9.0
49400.0,834,9.0,13:43:20,20,18.406018,-66.047806,10.0
49563.0,980,10.0,13:46:03,163,18.406766,-66.046771,11.0
49572.0,887,11.0,13:46:12,9,18.406078,-66.04477,2.1
49625.0,702,2.1,13:47:05,53,18.406243,-66.043161,1.0
49676.0,657,1.0,13:47:56,51,18.40717,-66.041989,2.2
49827.0,739,3.0,13:50:27,151,18.404856,-66.044836,4.0
50003.0,879,4.0,13:53:23,176,18.403636,-66.045492,5.0
50014.0,869,5.0,13:53:34,11,18.403751,-66.046593,6.0
50074.0,884,24.0,13:54:34,60,18.404698,-66.050468,23.0
50128.0,906,6.0,13:55:28,54,18.403879,-66.048199,13.0
50155.0,876,13.0,13:55:55,27,18.403955,-66.049898,24.0
50174.0,861,23.0,13:56:14,19,18.40644,-66.05014,20.0
50185.0,823,20.0,13:56:25,11,18.407062,-66.049323,19.0
50213.0,833,19.0,13:56:53,28,18.406503,-66.04852,9.0
50241.0,841,9.0,13:57:21,28,18.406018,-66.047806,10.0
50276.0,713,10.0,13:57:56,35,18.406766,-66.046771,11.0
50286.0,714,11.0,13:58:06,10,18.406078,-66.04477,2.1
50387.0,762,2.1,13:59:47,101,18.406243,-66.043161,1.0
50672.0,996,1.0,14:04:32,285,18.40717,-66.041989,2.2
50914.0,1087,3.0,14:08:34,242,18.404856,-66.044836,4.0
50981.0,978,4.0,14:09:41,67,18.403636,-66.045492,5.0
51042.0,1028,5.0,14:10:42,61,18.403751,-66.046593,6.0
51161.0,1087,24.0,14:12:41,119,18.404698,-66.050468,23.0
51200.0,39,24.0,14:13:20,39,18.404698,-66.050468,23.0
51254.0,1080,23.0,14:14:14,54,18.40644,-66.05014,20.0
51298.0,1113,20.0,14:14:58,44,18.407062,-66.049323,19.0
51325.0,1112,19.0,14:15:25,27,18.406503,-66.04852,9.0
51344.0,1103,9.0,14:15:44,19,18.406018,-66.047806,10.0
51381.0,1105,10.0,14:16:21,37,18.406766,-66.046771,11.0
51553.0,1267,11.0,14:19:13,172,18.406078,-66.04477,2.1
51868.0,1481,2.1,14:24:28,315,18.406243,-66.043161,1.0
51905.0,1233,1.0,14:25:05,37,18.40717,-66.041989,2.2
52096.0,1115,4.0,14:28:16,191,18.403636,-66.045492,5.0
52115.0,1073,5.0,14:28:35,19,18.403751,-66.046593,6.0
52154.0,954,24.0,14:29:14,39,18.404698,-66.050468,23.0
52208.0,954,23.0,14:30:08,54,18.40644,-66.05014,20.0
52252.0,954,20.0,14:30:52,44,18.407062,-66.049323,19.0
52279.0,954,19.0,14:31:19,27,18.406503,-66.04852,9.0
52298.0,954,9.0,14:31:38,19,18.406018,-66.047806,10.0
52335.0,954,10.0,14:32:15,37,18.406766,-66.046771,11.0
52507.0,954,11.0,14:35:07,172,18.406078,-66.04477,2.1
52541.0,673,2.1,14:35:41,34,18.406243,-66.043161,1.0
52578.0,673,1.0,14:36:18,37,18.40717,-66.041989,2.2
52769.0,673,4.0,14:39:29,191,18.403636,-66.045492,5.0
52788.0,673,5.0,14:39:48,19,18.403751,-66.046593,6.0
29524.0,,6.0,8:12:04,,18.403879,-66.048199,13.0
29570.0,,13.0,8:12:50,46,18.403955,-66.049898,24.0
29625.0,,23.0,8:13:45,55,18.40644,-66.05014,20.0
29650.0,,20.0,8:14:10,25,18.407062,-66.049323,19.0
29678.0,,19.0,8:14:38,28,18.406503,-66.04852,9.0
29704.0,,9.0,8:15:04,26,18.406018,-66.047806,10.0
29808.0,,10.0,8:16:48,104,18.406766,-66.046771,11.0
29851.0,,11.0,8:17:31,43,18.406078,-66.04477,2.1
30053.0,,2.1,8:20:53,202,18.406243,-66.043161,1.0
30079.0,,1.0,8:21:19,26,18.40717,-66.041989,2.2
30168.0,,3.0,8:22:48,89,18.404856,-66.044836,4.0
30247.0,,4.0,8:24:07,79,18.403636,-66.045492,5.0
30255.0,,5.0,8:24:15,8,18.403751,-66.046593,6.0
30307.0,,24.0,8:25:07,52,18.404698,-66.050468,23.0
30347.0,823,6.0,8:25:47,40,18.403879,-66.048199,13.0
30423.0,853,13.0,8:27:03,76,18.403955,-66.049898,24.0
30462.0,837,23.0,8:27:42,39,18.40644,-66.05014,20.0
30508.0,858,20.0,8:28:28,46,18.407062,-66.049323,19.0
30574.0,896,19.0,8:29:34,66,18.406503,-66.04852,9.0
30576.0,872,9.0,8:29:36,2,18.406018,-66.047806,10.0
30656.0,848,10.0,8:30:56,80,18.406766,-66.046771,11.0
30710.0,859,11.0,8:31:50,54,18.406078,-66.04477,2.1
30803.0,750,2.1,8:33:23,93,18.406243,-66.043161,1.0
30876.0,797,1.0,8:34:36,73,18.40717,-66.041989,2.2
30959.0,791,3.0,8:35:59,83,18.404856,-66.044836,4.0
31013.0,766,4.0,8:36:53,54,18.403636,-66.045492,5.0
31073.0,818,5.0,8:37:53,60,18.403751,-66.046593,6.0
31122.0,815,24.0,8:38:42,49,18.404698,-66.050468,23.0
31155.0,808,6.0,8:39:15,33,18.403879,-66.048199,13.0
31183.0,760,13.0,8:39:43,28,18.403955,-66.049898,24.0
31206.0,744,23.0,8:40:06,23,18.40644,-66.05014,20.0
31207.0,699,20.0,8:40:07,1,18.407062,-66.049323,19.0
31221.0,647,19.0,8:40:21,14,18.406503,-66.04852,9.0
31238.0,662,9.0,8:40:38,17,18.406018,-66.047806,10.0
31388.0,732,10.0,8:43:08,150,18.406766,-66.046771,11.0
31447.0,737,11.0,8:44:07,59,18.406078,-66.04477,2.1
31554.0,751,2.1,8:45:54,107,18.406243,-66.043161,1.0
31600.0,724,1.0,8:46:40,46,18.40717,-66.041989,2.2
31769.0,810,3.0,8:49:29,169,18.404856,-66.044836,4.0
31844.0,831,4.0,8:50:44,75,18.403636,-66.045492,5.0
31884.0,811,5.0,8:51:24,40,18.403751,-66.046593,6.0
31950.0,828,24.0,8:52:30,66,18.404698,-66.050468,23.0
31983.0,828,6.0,8:53:03,33,18.403879,-66.048199,13.0
32032.0,849,13.0,8:53:52,49,18.403955,-66.049898,24.0
32053.0,847,23.0,8:54:13,21,18.40644,-66.05014,20.0
32098.0,891,20.0,8:54:58,45,18.407062,-66.049323,19.0
32136.0,915,19.0,8:55:36,38,18.406503,-66.04852,9.0
32165.0,927,9.0,8:56:05,29,18.406018,-66.047806,10.0
32178.0,790,10.0,8:56:18,13,18.406766,-66.046771,11.0
32225.0,778,11.0,8:57:05,47,18.406078,-66.04477,2.1
32317.0,763,2.1,8:58:37,92,18.406243,-66.043161,1.0
32346.0,746,1.0,8:59:06,29,18.40717,-66.041989,2.2
32612.0,843,3.0,9:03:32,266,18.404856,-66.044836,4.0
32688.0,844,4.0,9:04:48,76,18.403636,-66.045492,5.0
32718.0,834,5.0,9:05:18,30,18.403751,-66.046593,6.0
32764.0,814,24.0,9:06:04,46,18.404698,-66.050468,23.0
32873.0,185,4.0,9:07:53,109,18.403636,-66.045492,5.0
32876.0,158,5.0,9:07:56,3,18.403751,-66.046593,6.0
32912.0,929,6.0,9:08:32,36,18.403879,-66.048199,13.0
32973.0,941,13.0,9:09:33,61,18.403955,-66.049898,24.0
33006.0,242,24.0,9:10:06,33,18.404698,-66.050468,23.0
33317.0,971,1.0,9:15:17,311,18.40717,-66.041989,2.2
33363.0,1310,23.0,9:16:03,46,18.40644,-66.05014,20.0
33366.0,1268,20.0,9:16:06,3,18.407062,-66.049323,19.0
33382.0,1246,19.0,9:16:22,16,18.406503,-66.04852,9.0
33418.0,1253,9.0,9:16:58,36,18.406018,-66.047806,10.0
33465.0,1287,10.0,9:17:45,47,18.406766,-66.046771,11.0
33538.0,1313,11.0,9:18:58,73,18.406078,-66.04477,2.1
33638.0,1321,2.1,9:20:38,100,18.406243,-66.043161,1.0
33767.0,1155,3.0,9:22:47,129,18.404856,-66.044836,4.0
33845.0,972,4.0,9:24:05,78,18.403636,-66.045492,5.0
33884.0,1008,5.0,9:24:44,39,18.403751,-66.046593,6.0
33931.0,1019,6.0,9:25:31,47,18.403879,-66.048199,13.0
33933.0,960,13.0,9:25:33,2,18.403955,-66.049898,24.0
33982.0,976,24.0,9:26:22,49,18.404698,-66.050468,23.0
34046.0,729,1.0,9:27:26,64,18.40717,-66.041989,2.2
34126.0,763,23.0,9:28:46,80,18.40644,-66.05014,20.0
34147.0,781,20.0,9:29:07,21,18.407062,-66.049323,19.0
34161.0,779,19.0,9:29:21,14,18.406503,-66.04852,9.0
34181.0,763,9.0,9:29:41,20,18.406018,-66.047806,10.0
34238.0,773,10.0,9:30:38,57,18.406766,-66.046771,11.0
34383.0,845,11.0,9:33:03,145,18.406078,-66.04477,2.1
34614.0,976,2.1,9:36:54,231,18.406243,-66.043161,1.0
34789.0,1022,3.0,9:39:49,175,18.404856,-66.044836,4.0
34819.0,974,4.0,9:40:19,30,18.403636,-66.045492,5.0
34858.0,974,5.0,9:40:58,39,18.403751,-66.046593,6.0
34910.0,979,6.0,9:41:50,52,18.403879,-66.048199,13.0
34935.0,1002,13.0,9:42:15,25,18.403955,-66.049898,24.0
34979.0,997,24.0,9:42:59,44,18.404698,-66.050468,23.0
35162.0,1116,1.0,9:46:02,183,18.40717,-66.041989,2.2
35180.0,1054,23.0,9:46:20,18,18.40644,-66.05014,20.0
35185.0,1038,20.0,9:46:25,5,18.407062,-66.049323,19.0
35210.0,1049,19.0,9:46:50,25,18.406503,-66.04852,9.0
35236.0,1055,9.0,9:47:16,26,18.406018,-66.047806,10.0
35278.0,1040,10.0,9:47:58,42,18.406766,-66.046771,11.0
35334.0,951,11.0,9:48:54,56,18.406078,-66.04477,2.1
35420.0,806,2.1,9:50:20,86,18.406243,-66.043161,1.0
35609.0,820,3.0,9:53:29,189,18.404856,-66.044836,4.0
35680.0,861,4.0,9:54:40,71,18.403636,-66.045492,5.0
35721.0,863,5.0,9:55:21,41,18.403751,-66.046593,6.0
35748.0,838,6.0,9:55:48,27,18.403879,-66.048199,13.0
35828.0,893,13.0,9:57:08,80,18.403955,-66.049898,24.0
35876.0,897,24.0,9:57:56,48,18.404698,-66.050468,23.0
35956.0,794,1.0,9:59:16,80,18.40717,-66.041989,2.2
35971.0,791,23.0,9:59:31,15,18.40644,-66.05014,20.0
35986.0,801,20.0,9:59:46,15,18.407062,-66.049323,19.0
36011.0,801,19.0,10:00:11,25,18.406503,-66.04852,9.0
36030.0,794,9.0,10:00:30,19,18.406018,-66.047806,10.0
36066.0,788,10.0,10:01:06,36,18.406766,-66.046771,11.0
36161.0,827,11.0,10:02:41,95,18.406078,-66.04477,2.1
36196.0,776,2.1,10:03:16,35,18.406243,-66.043161,1.0
36259.0,650,3.0,10:04:19,63,18.404856,-66.044836,4.0
36312.0,564,6.0,10:05:12,53,18.403879,-66.048199,13.0
36466.0,480,20.0,10:07:46,154,18.407062,-66.049323,19.0
36528.0,700,13.0,10:08:48,62,18.403955,-66.049898,24.0
36552.0,522,9.0,10:09:12,24,18.406018,-66.047806,10.0
36630.0,434,2.1,10:10:30,78,18.406243,-66.043161,1.0
36672.0,606,10.0,10:11:12,42,18.406766,-66.046771,11.0
36733.0,857,24.0,10:12:13,61,18.404698,-66.050468,23.0
36776.0,805,23.0,10:12:56,43,18.40644,-66.05014,20.0
36846.0,685,11.0,10:14:06,70,18.406078,-66.04477,2.1
36862.0,851,19.0,10:14:22,16,18.406503,-66.04852,9.0
36966.0,707,3.0,10:16:06,104,18.404856,-66.044836,4.0
37115.0,1159,1.0,10:18:35,149,18.40717,-66.041989,2.2
37199.0,1519,4.0,10:19:59,84,18.403636,-66.045492,5.0
37234.0,1513,5.0,10:20:34,35,18.403751,-66.046593,6.0
37257.0,945,6.0,10:20:57,23,18.403879,-66.048199,13.0
37294.0,828,20.0,10:21:34,37,18.407062,-66.049323,19.0
37328.0,800,13.0,10:22:08,34,18.403955,-66.049898,24.0
37349.0,797,9.0,10:22:29,21,18.406018,-66.047806,10.0
37525.0,895,2.1,10:25:25,176,18.406243,-66.043161,1.0
37541.0,869,10.0,10:25:41,16,18.406766,-66.046771,11.0
37635.0,902,24.0,10:27:15,94,18.404698,-66.050468,23.0
37685.0,909,23.0,10:28:05,50,18.40644,-66.05014,20.0
37724.0,878,11.0,10:28:44,39,18.406078,-66.04477,2.1
37757.0,895,19.0,10:29:17,33,18.406503,-66.04852,9.0
37946.0,980,3.0,10:32:26,189,18.404856,-66.044836,4.0
38045.0,930,1.0,10:34:05,99,18.40717,-66.041989,2.2
38113.0,914,4.0,10:35:13,68,18.403636,-66.045492,5.0
38136.0,902,5.0,10:35:36,23,18.403751,-66.046593,6.0
38169.0,912,6.0,10:36:09,33,18.403879,-66.048199,13.0
38205.0,911,20.0,10:36:45,36,18.407062,-66.049323,19.0
38273.0,945,13.0,10:37:53,68,18.403955,-66.049898,24.0
38298.0,949,9.0,10:38:18,25,18.406018,-66.047806,10.0
38410.0,885,2.1,10:40:10,112,18.406243,-66.043161,1.0
38424.0,883,10.0,10:40:24,14,18.406766,-66.046771,11.0
38495.0,860,24.0,10:41:35,71,18.404698,-66.050468,23.0
38536.0,851,23.0,10:42:16,41,18.40644,-66.05014,20.0
38580.0,856,11.0,10:43:00,44,18.406078,-66.04477,2.1
38631.0,874,19.0,10:43:51,51,18.406503,-66.04852,9.0
38808.0,862,3.0,10:46:48,177,18.404856,-66.044836,4.0
38936.0,891,1.0,10:48:56,128,18.40717,-66.041989,2.2
39072.0,959,4.0,10:51:12,136,18.403636,-66.045492,5.0
39099.0,963,5.0,10:51:39,27,18.403751,-66.046593,6.0
39150.0,981,6.0,10:52:30,51,18.403879,-66.048199,13.0
39188.0,983,20.0,10:53:08,38,18.407062,-66.049323,19.0
39202.0,929,13.0,10:53:22,14,18.403955,-66.049898,24.0
39223.0,925,9.0,10:53:43,21,18.406018,-66.047806,10.0
39421.0,1011,2.1,10:57:01,198,18.406243,-66.043161,1.0
39468.0,1044,10.0,10:57:48,47,18.406766,-66.046771,11.0
39502.0,1007,24.0,10:58:22,34,18.404698,-66.050468,23.0
39554.0,1018,23.0,10:59:14,52,18.40644,-66.05014,20.0
39608.0,1028,11.0,11:00:08,54,18.406078,-66.04477,2.1
39645.0,1014,19.0,11:00:45,37,18.406503,-66.04852,9.0
39678.0,870,3.0,11:01:18,33,18.404856,-66.044836,4.0
39755.0,819,1.0,11:02:35,77,18.40717,-66.041989,2.2
39804.0,732,4.0,11:03:24,49,18.403636,-66.045492,5.0
39821.0,722,5.0,11:03:41,17,18.403751,-66.046593,6.0
39851.0,628,9.0,11:04:11,30,18.406018,-66.047806,10.0
39877.0,409,10.0,11:04:37,26,18.406766,-66.046771,11.0
39939.0,331,11.0,11:05:39,62,18.406078,-66.04477,2.1
40085.0,664,2.1,11:08:05,146,18.406243,-66.043161,1.0
40151.0,396,1.0,11:09:11,66,18.40717,-66.041989,2.2
40428.0,624,4.0,11:13:48,277,18.403636,-66.045492,5.0
40444.0,623,5.0,11:14:04,16,18.403751,-66.046593,6.0
40503.0,1353,6.0,11:15:03,59,18.403879,-66.048199,13.0
40534.0,1332,13.0,11:15:34,31,18.403955,-66.049898,24.0
40582.0,1080,24.0,11:16:22,48,18.404698,-66.050468,23.0
40611.0,1057,23.0,11:16:51,29,18.40644,-66.05014,20.0
40645.0,1457,20.0,11:17:25,34,18.407062,-66.049323,19.0
40665.0,1020,19.0,11:17:45,20,18.406503,-66.04852,9.0
40820.0,1142,3.0,11:20:20,155,18.404856,-66.044836,4.0
40850.0,999,9.0,11:20:50,30,18.406018,-66.047806,10.0
40875.0,998,10.0,11:21:15,25,18.406766,-66.046771,11.0
40903.0,964,11.0,11:21:43,28,18.406078,-66.04477,2.1
40979.0,894,2.1,11:22:59,76,18.406243,-66.043161,1.0
41058.0,907,1.0,11:24:18,79,18.40717,-66.041989,2.2
41227.0,799,4.0,11:27:07,169,18.403636,-66.045492,5.0
41245.0,801,5.0,11:27:25,18,18.403751,-66.046593,6.0
41294.0,791,6.0,11:28:14,49,18.403879,-66.048199,13.0
41328.0,794,13.0,11:28:48,34,18.403955,-66.049898,24.0
41384.0,802,24.0,11:29:44,56,18.404698,-66.050468,23.0
41418.0,807,23.0,11:30:18,34,18.40644,-66.05014,20.0
41456.0,811,20.0,11:30:56,38,18.407062,-66.049323,19.0
41478.0,813,19.0,11:31:18,22,18.406503,-66.04852,9.0
41633.0,813,3.0,11:33:53,155,18.404856,-66.044836,4.0
41679.0,829,9.0,11:34:39,46,18.406018,-66.047806,10.0
41708.0,833,10.0,11:35:08,29,18.406766,-66.046771,11.0
41758.0,855,11.0,11:35:58,50,18.406078,-66.04477,2.1
41786.0,807,2.1,11:36:26,28,18.406243,-66.043161,1.0
41928.0,870,1.0,11:38:48,142,18.40717,-66.041989,2.2
42155.0,928,4.0,11:42:35,227,18.403636,-66.045492,5.0
42172.0,927,5.0,11:42:52,17,18.403751,-66.046593,6.0
42195.0,901,6.0,11:43:15,23,18.403879,-66.048199,13.0
42225.0,897,13.0,11:43:45,30,18.403955,-66.049898,24.0
42264.0,880,24.0,11:44:24,39,18.404698,-66.050468,23.0
42287.0,869,23.0,11:44:47,23,18.40644,-66.05014,20.0
42320.0,864,20.0,11:45:20,33,18.407062,-66.049323,19.0
42352.0,874,19.0,11:45:52,32,18.406503,-66.04852,9.0
42507.0,874,3.0,11:48:27,155,18.404856,-66.044836,4.0
42539.0,860,9.0,11:48:59,32,18.406018,-66.047806,10.0
42569.0,861,10.0,11:49:29,30,18.406766,-66.046771,11.0
42617.0,859,11.0,11:50:17,48,18.406078,-66.04477,2.1
42827.0,1041,2.1,11:53:47,210,18.406243,-66.043161,1.0
42941.0,1013,1.0,11:55:41,114,18.40717,-66.041989,2.2
43085.0,930,4.0,11:58:05,144,18.403636,-66.045492,5.0
43102.0,930,5.0,11:58:22,17,18.403751,-66.046593,6.0
43126.0,931,6.0,11:58:46,24,18.403879,-66.048199,13.0
43170.0,945,13.0,11:59:30,44,18.403955,-66.049898,24.0
43212.0,948,24.0,12:00:12,42,18.404698,-66.050468,23.0
43235.0,948,23.0,12:00:35,23,18.40644,-66.05014,20.0
43274.0,954,20.0,12:01:14,39,18.407062,-66.049323,19.0
43299.0,947,19.0,12:01:39,25,18.406503,-66.04852,9.0
43454.0,947,3.0,12:04:14,155,18.404856,-66.044836,4.0
43493.0,367,6.0,12:04:53,39,18.403879,-66.048199,13.0
43566.0,396,13.0,12:06:06,73,18.403955,-66.049898,24.0
43683.0,448,23.0,12:08:03,117,18.40644,-66.05014,20.0
43694.0,420,20.0,12:08:14,11,18.407062,-66.049323,19.0
43728.0,429,19.0,12:08:48,34,18.406503,-66.04852,9.0
43759.0,1220,9.0,12:09:19,31,18.406018,-66.047806,10.0
43795.0,1226,10.0,12:09:55,36,18.406766,-66.046771,11.0
43839.0,1222,11.0,12:10:39,44,18.406078,-66.04477,2.1
43956.0,1129,2.1,12:12:36,117,18.406243,-66.043161,1.0
44037.0,1096,1.0,12:13:57,81,18.40717,-66.041989,2.2
44077.0,623,3.0,12:14:37,40,18.404856,-66.044836,4.0
44187.0,1102,4.0,12:16:27,110,18.403636,-66.045492,5.0
44210.0,1108,5.0,12:16:50,23,18.403751,-66.046593,6.0
44265.0,1053,24.0,12:17:45,55,18.404698,-66.050468,23.0
44314.0,821,6.0,12:18:34,49,18.403879,-66.048199,13.0
44386.0,820,13.0,12:19:46,72,18.403955,-66.049898,24.0
44410.0,727,23.0,12:20:10,24,18.40644,-66.05014,20.0
44478.0,784,20.0,12:21:18,68,18.407062,-66.049323,19.0
44514.0,786,19.0,12:21:54,36,18.406503,-66.04852,9.0
44532.0,773,9.0,12:22:12,18,18.406018,-66.047806,10.0
44574.0,779,10.0,12:22:54,42,18.406766,-66.046771,11.0
44664.0,825,11.0,12:24:24,90,18.406078,-66.04477,2.1
44845.0,889,2.1,12:27:25,181,18.406243,-66.043161,1.0
44921.0,884,1.0,12:28:41,76,18.40717,-66.041989,2.2
45018.0,941,3.0,12:30:18,97,18.404856,-66.044836,4.0
45022.0,835,4.0,12:30:22,4,18.403636,-66.045492,5.0
45106.0,896,5.0,12:31:46,84,18.403751,-66.046593,6.0
45156.0,891,24.0,12:32:36,50,18.404698,-66.050468,23.0
45187.0,873,6.0,12:33:07,31,18.403879,-66.048199,13.0
45193.0,807,13.0,12:33:13,6,18.403955,-66.049898,24.0
45202.0,792,23.0,12:33:22,9,18.40644,-66.05014,20.0
45218.0,740,20.0,12:33:38,16,18.407062,-66.049323,19.0
45258.0,744,19.0,12:34:18,40,18.406503,-66.04852,9.0
45286.0,754,9.0,12:34:46,28,18.406018,-66.047806,10.0
45425.0,851,10.0,12:37:05,139,18.406766,-66.046771,11.0
45475.0,811,11.0,12:37:55,50,18.406078,-66.04477,2.1
45491.0,646,2.1,12:38:11,16,18.406243,-66.043161,1.0
45545.0,624,1.0,12:39:05,54,18.40717,-66.041989,2.2
45640.0,622,3.0,12:40:40,95,18.404856,-66.044836,4.0
45791.0,769,4.0,12:43:11,151,18.403636,-66.045492,5.0
45802.0,696,5.0,12:43:22,11,18.403751,-66.046593,6.0
45861.0,705,24.0,12:44:21,59,18.404698,-66.050468,23.0
45893.0,706,6.0,12:44:53,32,18.403879,-66.048199,13.0
45899.0,706,13.0,12:44:59,6,18.403955,-66.049898,24.0
45924.0,722,23.0,12:45:24,25,18.40644,-66.05014,20.0
45967.0,749,20.0,12:46:07,43,18.407062,-66.049323,19.0
45997.0,739,19.0,12:46:37,30,18.406503,-66.04852,9.0
46031.0,745,9.0,12:47:11,34,18.406018,-66.047806,10.0
46060.0,635,10.0,12:47:40,29,18.406766,-66.046771,11.0
46088.0,613,11.0,12:48:08,28,18.406078,-66.04477,2.1
46264.0,773,2.1,12:51:04,176,18.406243,-66.043161,1.0
46560.0,1015,1.0,12:56:00,296,18.40717,-66.041989,2.2
46745.0,1105,3.0,12:59:05,185,18.404856,-66.044836,4.0
46761.0,970,4.0,12:59:21,16,18.403636,-66.045492,5.0
46768.0,966,5.0,12:59:28,7,18.403751,-66.046593,6.0
46850.0,989,24.0,13:00:50,82,18.404698,-66.050468,23.0
46903.0,1010,6.0,13:01:43,53,18.403879,-66.048199,13.0
46962.0,1063,13.0,13:02:42,59,18.403955,-66.049898,24.0
47074.0,1150,23.0,13:04:34,112,18.40644,-66.05014,20.0
47125.0,1158,20.0,13:05:25,51,18.407062,-66.049323,19.0
47142.0,1145,19.0,13:05:42,17,18.406503,-66.04852,9.0
47164.0,1133,9.0,13:06:04,22,18.406018,-66.047806,10.0
47200.0,1140,10.0,13:06:40,36,18.406766,-66.046771,11.0
47266.0,1178,11.0,13:07:46,66,18.406078,-66.04477,2.1
47342.0,1078,2.1,13:09:02,76,18.406243,-66.043161,1.0
47360.0,800,1.0,13:09:20,18,18.40717,-66.041989,2.2
47476.0,731,3.0,13:11:16,116,18.404856,-66.044836,4.0
47487.0,726,4.0,13:11:27,11,18.403636,-66.045492,5.0
47542.0,774,5.0,13:12:22,55,18.403751,-66.046593,6.0
47590.0,740,24.0,13:13:10,48,18.404698,-66.050468,23.0
47625.0,722,6.0,13:13:45,35,18.403879,-66.048199,13.0
47708.0,746,13.0,13:15:08,83,18.403955,-66.049898,24.0
47761.0,687,23.0,13:16:01,53,18.40644,-66.05014,20.0
47793.0,668,20.0,13:16:33,32,18.407062,-66.049323,19.0
47823.0,681,19.0,13:17:03,30,18.406503,-66.04852,9.0
47858.0,694,9.0,13:17:38,35,18.406018,-66.047806,10.0
47918.0,718,10.0,13:18:38,60,18.406766,-66.046771,11.0
48004.0,738,11.0,13:20:04,86,18.406078,-66.04477,2.1
48198.0,856,2.1,13:23:18,194,18.406243,-66.043161,1.0
48294.0,934,1.0,13:24:54,96,18.40717,-66.041989,2.2
48444.0,968,3.0,13:27:24,150,18.404856,-66.044836,4.0
48484.0,997,4.0,13:28:04,40,18.403636,-66.045492,5.0
48520.0,978,5.0,13:28:40,36,18.403751,-66.046593,6.0
48563.0,973,24.0,13:29:23,43,18.404698,-66.050468,23.0
48589.0,964,6.0,13:29:49,26,18.403879,-66.048199,13.0
48641.0,933,13.0,13:30:41,52,18.403955,-66.049898,24.0
48668.0,907,23.0,13:31:08,27,18.40644,-66.05014,20.0
48689.0,896,20.0,13:31:29,21,18.407062,-66.049323,19.0
48694.0,871,19.0,13:31:34,5,18.406503,-66.04852,9.0
48713.0,855,9.0,13:31:53,19,18.406018,-66.047806,10.0
48833.0,915,10.0,13:33:53,120,18.406766,-66.046771,11.0
48909.0,905,11.0,13:35:09,76,18.406078,-66.04477,2.1
48975.0,777,2.1,13:36:15,66,18.406243,-66.043161,1.0
49015.0,721,1.0,13:36:55,40,18.40717,-66.041989,2.2
49218.0,774,3.0,13:40:18,203,18.404856,-66.044836,4.0
49397.0,913,4.0,13:43:17,179,18.403636,-66.045492,5.0
49403.0,883,5.0,13:43:23,6,18.403751,-66.046593,6.0
49443.0,880,24.0,13:44:03,40,18.404698,-66.050468,23.0
49472.0,883,6.0,13:44:32,29,18.403879,-66.048199,13.0
49524.0,883,13.0,13:45:24,52,18.403955,-66.049898,24.0
49556.0,888,23.0,13:45:56,32,18.40644,-66.05014,20.0
49603.0,914,20.0,13:46:43,47,18.407062,-66.049323,19.0
49622.0,928,19.0,13:47:02,19,18.406503,-66.04852,9.0
49660.0,947,9.0,13:47:40,38,18.406018,-66.047806,10.0
49661.0,828,10.0,13:47:41,1,18.406766,-66.046771,11.0
49703.0,794,11.0,13:48:23,42,18.406078,-66.04477,2.1
49961.0,986,2.1,13:52:41,258,18.406243,-66.043161,1.0
50191.0,1176,1.0,13:56:31,230,18.40717,-66.041989,2.2
50366.0,1148,3.0,13:59:26,175,18.404856,-66.044836,4.0
50495.0,1098,4.0,14:01:35,129,18.403636,-66.045492,5.0
50568.0,1165,5.0,14:02:48,73,18.403751,-66.046593,6.0
50657.0,1214,24.0,14:04:17,89,18.404698,-66.050468,23.0
50696.0,39,24.0,14:04:56,39,18.404698,-66.050468,23.0
50750.0,1194,23.0,14:05:50,54,18.40644,-66.05014,20.0
50794.0,1191,20.0,14:06:34,44,18.407062,-66.049323,19.0
50821.0,1199,19.0,14:07:01,27,18.406503,-66.04852,9.0
50840.0,1180,9.0,14:07:20,19,18.406018,-66.047806,10.0
50877.0,1216,10.0,14:07:57,37,18.406766,-66.046771,11.0
51049.0,1346,11.0,14:10:49,172,18.406078,-66.04477,2.1
51295.0,1334,2.1,14:14:55,246,18.406243,-66.043161,1.0
51332.0,1141,1.0,14:15:32,37,18.40717,-66.041989,2.2
51523.0,1028,4.0,14:18:43,191,18.403636,-66.045492,5.0
51542.0,974,5.0,14:19:02,19,18.403751,-66.046593,6.0
51581.0,885,24.0,14:19:41,39,18.404698,-66.050468,23.0
51635.0,885,23.0,14:20:35,54,18.40644,-66.05014,20.0
51679.0,885,20.0,14:21:19,44,18.407062,-66.049323,19.0
51706.0,885,19.0,14:21:46,27,18.406503,-66.04852,9.0
51725.0,885,9.0,14:22:05,19,18.406018,-66.047806,10.0
51762.0,885,10.0,14:22:42,37,18.406766,-66.046771,11.0
51934.0,885,11.0,14:25:34,172,18.406078,-66.04477,2.1
52035.0,740,2.1,14:27:15,101,18.406243,-66.043161,1.0
52072.0,740,1.0,14:27:52,37,18.40717,-66.041989,2.2
52263.0,740,4.0,14:31:03,191,18.403636,-66.045492,5.0
52282.0,740,5.0,14:31:22,19,18.403751,-66.046593,6.0
29023.0,,6.0,8:03:43,,18.403879,-66.048199,13.0
29066.0,,13.0,8:04:26,43,18.403955,-66.049898,24.0
29165.0,,23.0,8:06:05,99,18.40644,-66.05014,20.0
29207.0,,20.0,8:06:47,42,18.407062,-66.049323,19.0
29248.0,,19.0,8:07:28,41,18.406503,-66.04852,9.0
29278.0,,9.0,8:07:58,30,18.406018,-66.047806,10.0
29305.0,,10.0,8:08:25,27,18.406766,-66.046771,11.0
29357.0,,11.0,8:09:17,52,18.406078,-66.04477,2.1
29461.0,,2.1,8:11:01,104,18.406243,-66.043161,1.0
29486.0,,1.0,8:11:26,25,18.40717,-66.041989,2.2
29503.0,,3.0,8:11:43,17,18.404856,-66.044836,4.0
29580.0,,4.0,8:13:00,77,18.403636,-66.045492,5.0
29610.0,,5.0,8:13:30,30,18.403751,-66.046593,6.0
29612.0,,24.0,8:13:32,2,18.404698,-66.050468,23.0
29643.0,620,6.0,8:14:03,31,18.403879,-66.048199,13.0
29732.0,666,13.0,8:15:32,89,18.403955,-66.049898,24.0
29774.0,609,23.0,8:16:14,42,18.40644,-66.05014,20.0
29804.0,597,20.0,8:16:44,30,18.407062,-66.049323,19.0
29840.0,592,19.0,8:17:20,36,18.406503,-66.04852,9.0
29850.0,572,9.0,8:17:30,10,18.406018,-66.047806,10.0
29953.0,648,10.0,8:19:13,103,18.406766,-66.046771,11.0
30007.0,650,11.0,8:20:07,54,18.406078,-66.04477,2.1
30171.0,710,2.1,8:22:51,164,18.406243,-66.043161,1.0
30197.0,711,1.0,8:23:17,26,18.40717,-66.041989,2.2
30322.0,819,3.0,8:25:22,125,18.404856,-66.044836,4.0
30379.0,799,4.0,8:26:19,57,18.403636,-66.045492,5.0
30455.0,845,5.0,8:27:35,76,18.403751,-66.046593,6.0
30516.0,904,24.0,8:28:36,61,18.404698,-66.050468,23.0
30533.0,890,6.0,8:28:53,17,18.403879,-66.048199,13.0
30587.0,855,13.0,8:29:47,54,18.403955,-66.049898,24.0
30615.0,841,23.0,8:30:15,28,18.40644,-66.05014,20.0
30655.0,851,20.0,8:30:55,40,18.407062,-66.049323,19.0
30669.0,829,19.0,8:31:09,14,18.406503,-66.04852,9.0
30676.0,826,9.0,8:31:16,7,18.406018,-66.047806,10.0
30870.0,917,10.0,8:34:30,194,18.406766,-66.046771,11.0
30930.0,923,11.0,8:35:30,60,18.406078,-66.04477,2.1
31022.0,851,2.1,8:37:02,92,18.406243,-66.043161,1.0
31118.0,921,1.0,8:38:38,96,18.40717,-66.041989,2.2
31222.0,900,3.0,8:40:22,104,18.404856,-66.044836,4.0
31281.0,902,4.0,8:41:21,59,18.403636,-66.045492,5.0
31310.0,855,5.0,8:41:50,29,18.403751,-66.046593,6.0
31365.0,849,24.0,8:42:45,55,18.404698,-66.050468,23.0
31405.0,872,6.0,8:43:25,40,18.403879,-66.048199,13.0
31440.0,853,13.0,8:44:00,35,18.403955,-66.049898,24.0
31444.0,829,23.0,8:44:04,4,18.40644,-66.05014,20.0
31493.0,838,20.0,8:44:53,49,18.407062,-66.049323,19.0
31524.0,855,19.0,8:45:24,31,18.406503,-66.04852,9.0
31541.0,865,9.0,8:45:41,17,18.406018,-66.047806,10.0
31564.0,694,10.0,8:46:04,23,18.406766,-66.046771,11.0
31610.0,680,11.0,8:46:50,46,18.406078,-66.04477,2.1
31734.0,712,2.1,8:48:54,124,18.406243,-66.043161,1.0
31773.0,655,1.0,8:49:33,39,18.40717,-66.041989,2.2
31999.0,777,3.0,8:53:19,226,18.404856,-66.044836,4.0
32088.0,807,4.0,8:54:48,89,18.403636,-66.045492,5.0
32131.0,821,5.0,8:55:31,43,18.403751,-66.046593,6.0
32255.0,890,24.0,8:57:35,124,18.404698,-66.050468,23.0
32285.0,880,6.0,8:58:05,30,18.403879,-66.048199,13.0
32315.0,875,13.0,8:58:35,30,18.403955,-66.049898,24.0
32349.0,905,23.0,8:59:09,34,18.40644,-66.05014,20.0
32382.0,889,20.0,8:59:42,33,18.407062,-66.049323,19.0
32420.0,896,19.0,9:00:20,38,18.406503,-66.04852,9.0
32474.0,933,9.0,9:01:14,54,18.406018,-66.047806,10.0
32522.0,958,10.0,9:02:02,48,18.406766,-66.046771,11.0
32569.0,959,11.0,9:02:49,47,18.406078,-66.04477,2.1
32778.0,1044,2.1,9:06:18,209,18.406243,-66.043161,1.0
32860.0,1087,1.0,9:07:40,82,18.40717,-66.041989,2.2
32866.0,867,3.0,9:07:46,6,18.404856,-66.044836,4.0
32949.0,861,4.0,9:09:09,83,18.403636,-66.045492,5.0
33124.0,993,5.0,9:12:04,175,18.403751,-66.046593,6.0
33133.0,878,24.0,9:12:13,9,18.404698,-66.050468,23.0
33290.0,341,4.0,9:14:50,157,18.403636,-66.045492,5.0
33300.0,176,5.0,9:15:00,10,18.403751,-66.046593,6.0
33343.0,1058,6.0,9:15:43,43,18.403879,-66.048199,13.0
33348.0,1033,13.0,9:15:48,5,18.403955,-66.049898,24.0
33388.0,255,24.0,9:16:28,40,18.404698,-66.050468,23.0
33657.0,797,1.0,9:20:57,269,18.40717,-66.041989,2.2
33682.0,1333,23.0,9:21:22,25,18.40644,-66.05014,20.0
33711.0,1329,20.0,9:21:51,29,18.407062,-66.049323,19.0
33720.0,1300,19.0,9:22:00,9,18.406503,-66.04852,9.0
33764.0,1290,9.0,9:22:44,44,18.406018,-66.047806,10.0
33783.0,1261,10.0,9:23:03,19,18.406766,-66.046771,11.0
33829.0,1260,11.0,9:23:49,46,18.406078,-66.04477,2.1
33927.0,1149,2.1,9:25:27,98,18.406243,-66.043161,1.0
34021.0,1155,3.0,9:27:01,94,18.404856,-66.044836,4.0
34129.0,839,4.0,9:28:49,108,18.403636,-66.045492,5.0
34140.0,840,5.0,9:29:00,11,18.403751,-66.046593,6.0
34175.0,832,6.0,9:29:35,35,18.403879,-66.048199,13.0
34216.0,868,13.0,9:30:16,41,18.403955,-66.049898,24.0
34264.0,876,24.0,9:31:04,48,18.404698,-66.050468,23.0
34422.0,765,1.0,9:33:42,158,18.40717,-66.041989,2.2
34439.0,757,23.0,9:33:59,17,18.40644,-66.05014,20.0
34440.0,729,20.0,9:34:00,1,18.407062,-66.049323,19.0
34472.0,752,19.0,9:34:32,32,18.406503,-66.04852,9.0
34490.0,726,9.0,9:34:50,18,18.406018,-66.047806,10.0
34533.0,750,10.0,9:35:33,43,18.406766,-66.046771,11.0
34560.0,731,11.0,9:36:00,27,18.406078,-66.04477,2.1
34761.0,834,2.1,9:39:21,201,18.406243,-66.043161,1.0
34849.0,828,3.0,9:40:49,88,18.404856,-66.044836,4.0
34948.0,819,4.0,9:42:28,99,18.403636,-66.045492,5.0
34956.0,816,5.0,9:42:36,8,18.403751,-66.046593,6.0
35030.0,855,6.0,9:43:50,74,18.403879,-66.048199,13.0
35073.0,857,13.0,9:44:33,43,18.403955,-66.049898,24.0
35110.0,846,24.0,9:45:10,37,18.404698,-66.050468,23.0
35113.0,691,1.0,9:45:13,3,18.40717,-66.041989,2.2
35135.0,696,23.0,9:45:35,22,18.40644,-66.05014,20.0
35151.0,711,20.0,9:45:51,16,18.407062,-66.049323,19.0
35181.0,709,19.0,9:46:21,30,18.406503,-66.04852,9.0
35201.0,711,9.0,9:46:41,20,18.406018,-66.047806,10.0
35222.0,689,10.0,9:47:02,21,18.406766,-66.046771,11.0
35337.0,777,11.0,9:48:57,115,18.406078,-66.04477,2.1
35378.0,617,2.1,9:49:38,41,18.406243,-66.043161,1.0
35594.0,745,3.0,9:53:14,216,18.404856,-66.044836,4.0
35669.0,721,4.0,9:54:29,75,18.403636,-66.045492,5.0
35698.0,742,5.0,9:54:58,29,18.403751,-66.046593,6.0
35720.0,690,6.0,9:55:20,22,18.403879,-66.048199,13.0
35781.0,708,13.0,9:56:21,61,18.403955,-66.049898,24.0
35813.0,703,24.0,9:56:53,32,18.404698,-66.050468,23.0
35910.0,797,1.0,9:58:30,97,18.40717,-66.041989,2.2
35919.0,784,23.0,9:58:39,9,18.40644,-66.05014,20.0
35955.0,804,20.0,9:59:15,36,18.407062,-66.049323,19.0
35986.0,805,19.0,9:59:46,31,18.406503,-66.04852,9.0
36013.0,812,9.0,10:00:13,27,18.406018,-66.047806,10.0
36061.0,839,10.0,10:01:01,48,18.406766,-66.046771,11.0
36098.0,761,11.0,10:01:38,37,18.406078,-66.04477,2.1
36190.0,812,2.1,10:03:10,92,18.406243,-66.043161,1.0
36348.0,754,3.0,10:05:48,158,18.404856,-66.044836,4.0
36411.0,691,6.0,10:06:51,63,18.403879,-66.048199,13.0
36533.0,578,20.0,10:08:53,122,18.407062,-66.049323,19.0
36573.0,792,13.0,10:09:33,40,18.403955,-66.049898,24.0
36591.0,578,9.0,10:09:51,18,18.406018,-66.047806,10.0
36749.0,559,2.1,10:12:29,158,18.406243,-66.043161,1.0
36784.0,723,10.0,10:13:04,35,18.406766,-66.046771,11.0
36839.0,1026,24.0,10:13:59,55,18.404698,-66.050468,23.0
36869.0,950,23.0,10:14:29,30,18.40644,-66.05014,20.0
36959.0,861,11.0,10:15:59,90,18.406078,-66.04477,2.1
36976.0,990,19.0,10:16:16,17,18.406503,-66.04852,9.0
37177.0,829,3.0,10:19:37,201,18.404856,-66.044836,4.0
37289.0,1379,1.0,10:21:29,112,18.40717,-66.041989,2.2
37408.0,1739,4.0,10:23:28,119,18.403636,-66.045492,5.0
37446.0,1748,5.0,10:24:06,38,18.403751,-66.046593,6.0
37474.0,1063,6.0,10:24:34,28,18.403879,-66.048199,13.0
37527.0,994,20.0,10:25:27,53,18.407062,-66.049323,19.0
37553.0,980,13.0,10:25:53,26,18.403955,-66.049898,24.0
37581.0,990,9.0,10:26:21,28,18.406018,-66.047806,10.0
37711.0,962,2.1,10:28:31,130,18.406243,-66.043161,1.0
37744.0,960,10.0,10:29:04,33,18.406766,-66.046771,11.0
37887.0,1048,24.0,10:31:27,143,18.404698,-66.050468,23.0
37930.0,1061,23.0,10:32:10,43,18.40644,-66.05014,20.0
37965.0,1006,11.0,10:32:45,35,18.406078,-66.04477,2.1
37988.0,1012,19.0,10:33:08,23,18.406503,-66.04852,9.0
38092.0,915,3.0,10:34:52,104,18.404856,-66.044836,4.0
38183.0,894,1.0,10:36:23,91,18.40717,-66.041989,2.2
38280.0,872,4.0,10:38:00,97,18.403636,-66.045492,5.0
38302.0,856,5.0,10:38:22,22,18.403751,-66.046593,6.0
38334.0,860,6.0,10:38:54,32,18.403879,-66.048199,13.0
38388.0,861,20.0,10:39:48,54,18.407062,-66.049323,19.0
38428.0,875,13.0,10:40:28,40,18.403955,-66.049898,24.0
38475.0,894,9.0,10:41:15,47,18.406018,-66.047806,10.0
38589.0,878,2.1,10:43:09,114,18.406243,-66.043161,1.0
38603.0,859,10.0,10:43:23,14,18.406766,-66.046771,11.0
38698.0,811,24.0,10:44:58,95,18.404698,-66.050468,23.0
38756.0,826,23.0,10:45:56,58,18.40644,-66.05014,20.0
38798.0,833,11.0,10:46:38,42,18.406078,-66.04477,2.1
38861.0,873,19.0,10:47:41,63,18.406503,-66.04852,9.0
39051.0,959,3.0,10:50:51,190,18.404856,-66.044836,4.0
39179.0,996,1.0,10:52:59,128,18.40717,-66.041989,2.2
39266.0,986,4.0,10:54:26,87,18.403636,-66.045492,5.0
39298.0,996,5.0,10:54:58,32,18.403751,-66.046593,6.0
39359.0,1025,6.0,10:55:59,61,18.403879,-66.048199,13.0
39434.0,1046,20.0,10:57:14,75,18.407062,-66.049323,19.0
39447.0,1019,13.0,10:57:27,13,18.403955,-66.049898,24.0
39451.0,976,9.0,10:57:31,4,18.406018,-66.047806,10.0
39548.0,959,2.1,10:59:08,97,18.406243,-66.043161,1.0
39603.0,1000,10.0,11:00:03,55,18.406766,-66.046771,11.0
39653.0,955,24.0,11:00:53,50,18.404698,-66.050468,23.0
39717.0,961,23.0,11:01:57,64,18.40644,-66.05014,20.0
39768.0,970,11.0,11:02:48,51,18.406078,-66.04477,2.1
39805.0,944,19.0,11:03:25,37,18.406503,-66.04852,9.0
39881.0,830,3.0,11:04:41,76,18.404856,-66.044836,4.0
40000.0,821,1.0,11:06:40,119,18.40717,-66.041989,2.2
40082.0,816,4.0,11:08:02,82,18.403636,-66.045492,5.0
40112.0,814,5.0,11:08:32,30,18.403751,-66.046593,6.0
40141.0,690,9.0,11:09:01,29,18.406018,-66.047806,10.0
40165.0,562,10.0,11:09:25,24,18.406766,-66.046771,11.0
40223.0,455,11.0,11:10:23,58,18.406078,-66.04477,2.1
40433.0,885,2.1,11:13:53,210,18.406243,-66.043161,1.0
40512.0,512,1.0,11:15:12,79,18.40717,-66.041989,2.2
40706.0,624,4.0,11:18:26,194,18.403636,-66.045492,5.0
40723.0,611,5.0,11:18:43,17,18.403751,-66.046593,6.0
40768.0,1409,6.0,11:19:28,45,18.403879,-66.048199,13.0
40794.0,1347,13.0,11:19:54,26,18.403955,-66.049898,24.0
40831.0,1178,24.0,11:20:31,37,18.404698,-66.050468,23.0
40857.0,1140,23.0,11:20:57,26,18.40644,-66.05014,20.0
40909.0,1475,20.0,11:21:49,52,18.407062,-66.049323,19.0
40932.0,1127,19.0,11:22:12,23,18.406503,-66.04852,9.0
41087.0,1206,3.0,11:24:47,155,18.404856,-66.044836,4.0
41121.0,980,9.0,11:25:21,34,18.406018,-66.047806,10.0
41147.0,982,10.0,11:25:47,26,18.406766,-66.046771,11.0
41200.0,977,11.0,11:26:40,53,18.406078,-66.04477,2.1
41204.0,771,2.1,11:26:44,4,18.406243,-66.043161,1.0
41299.0,787,1.0,11:28:19,95,18.40717,-66.041989,2.2
41437.0,731,4.0,11:30:37,138,18.403636,-66.045492,5.0
41454.0,731,5.0,11:30:54,17,18.403751,-66.046593,6.0
41510.0,742,6.0,11:31:50,56,18.403879,-66.048199,13.0
41555.0,761,13.0,11:32:35,45,18.403955,-66.049898,24.0
41611.0,780,24.0,11:33:31,56,18.404698,-66.050468,23.0
41646.0,789,23.0,11:34:06,35,18.40644,-66.05014,20.0
41690.0,781,20.0,11:34:50,44,18.407062,-66.049323,19.0
41707.0,775,19.0,11:35:07,17,18.406503,-66.04852,9.0
41862.0,775,3.0,11:37:42,155,18.404856,-66.044836,4.0
41902.0,781,9.0,11:38:22,40,18.406018,-66.047806,10.0
41932.0,785,10.0,11:38:52,30,18.406766,-66.046771,11.0
41982.0,782,11.0,11:39:42,50,18.406078,-66.04477,2.1
42080.0,876,2.1,11:41:20,98,18.406243,-66.043161,1.0
42187.0,888,1.0,11:43:07,107,18.40717,-66.041989,2.2
42388.0,951,4.0,11:46:28,201,18.403636,-66.045492,5.0
42406.0,952,5.0,11:46:46,18,18.403751,-66.046593,6.0
42420.0,910,6.0,11:47:00,14,18.403879,-66.048199,13.0
42457.0,902,13.0,11:47:37,37,18.403955,-66.049898,24.0
42505.0,894,24.0,11:48:25,48,18.404698,-66.050468,23.0
42530.0,884,23.0,11:48:50,25,18.40644,-66.05014,20.0
42566.0,876,20.0,11:49:26,36,18.407062,-66.049323,19.0
42600.0,893,19.0,11:50:00,34,18.406503,-66.04852,9.0
42755.0,893,3.0,11:52:35,155,18.404856,-66.044836,4.0
42787.0,885,9.0,11:53:07,32,18.406018,-66.047806,10.0
42819.0,887,10.0,11:53:39,32,18.406766,-66.046771,11.0
42876.0,894,11.0,11:54:36,57,18.406078,-66.04477,2.1
43077.0,997,2.1,11:57:57,201,18.406243,-66.043161,1.0
43169.0,982,1.0,11:59:29,92,18.40717,-66.041989,2.2
43423.0,1035,4.0,12:03:43,254,18.403636,-66.045492,5.0
43442.0,1036,5.0,12:04:02,19,18.403751,-66.046593,6.0
43475.0,1055,6.0,12:04:35,33,18.403879,-66.048199,13.0
43500.0,1043,13.0,12:05:00,25,18.403955,-66.049898,24.0
43549.0,1044,24.0,12:05:49,49,18.404698,-66.050468,23.0
43580.0,1050,23.0,12:06:20,31,18.40644,-66.05014,20.0
43629.0,1063,20.0,12:07:09,49,18.407062,-66.049323,19.0
43649.0,1049,19.0,12:07:29,20,18.406503,-66.04852,9.0
43804.0,1049,3.0,12:10:04,155,18.404856,-66.044836,4.0
43863.0,388,6.0,12:11:03,59,18.403879,-66.048199,13.0
43931.0,431,13.0,12:12:11,68,18.403955,-66.049898,24.0
44039.0,459,23.0,12:13:59,108,18.40644,-66.05014,20.0
44061.0,432,20.0,12:14:21,22,18.407062,-66.049323,19.0
44075.0,426,19.0,12:14:35,14,18.406503,-66.04852,9.0
44113.0,1326,9.0,12:15:13,38,18.406018,-66.047806,10.0
44160.0,1341,10.0,12:16:00,47,18.406766,-66.046771,11.0
44192.0,1316,11.0,12:16:32,32,18.406078,-66.04477,2.1
44316.0,1239,2.1,12:18:36,124,18.406243,-66.043161,1.0
44389.0,1220,1.0,12:19:49,73,18.40717,-66.041989,2.2
44479.0,675,3.0,12:21:19,90,18.404856,-66.044836,4.0
44640.0,1217,4.0,12:24:00,161,18.403636,-66.045492,5.0
44659.0,1217,5.0,12:24:19,19,18.403751,-66.046593,6.0
44744.0,1195,24.0,12:25:44,85,18.404698,-66.050468,23.0
44793.0,930,6.0,12:26:33,49,18.403879,-66.048199,13.0
44879.0,948,13.0,12:27:59,86,18.403955,-66.049898,24.0
44939.0,900,23.0,12:28:59,60,18.40644,-66.05014,20.0
44962.0,901,20.0,12:29:22,23,18.407062,-66.049323,19.0
45004.0,929,19.0,12:30:04,42,18.406503,-66.04852,9.0
45036.0,923,9.0,12:30:36,32,18.406018,-66.047806,10.0
45041.0,881,10.0,12:30:41,5,18.406766,-66.046771,11.0
45139.0,947,11.0,12:32:19,98,18.406078,-66.04477,2.1
45245.0,929,2.1,12:34:05,106,18.406243,-66.043161,1.0
45298.0,909,1.0,12:34:58,53,18.40717,-66.041989,2.2
45359.0,880,3.0,12:35:59,61,18.404856,-66.044836,4.0
45405.0,765,4.0,12:36:45,46,18.403636,-66.045492,5.0
45477.0,818,5.0,12:37:57,72,18.403751,-66.046593,6.0
45532.0,788,24.0,12:38:52,55,18.404698,-66.050468,23.0
45586.0,793,6.0,12:39:46,54,18.403879,-66.048199,13.0
45634.0,755,13.0,12:40:34,48,18.403955,-66.049898,24.0
45685.0,746,23.0,12:41:25,51,18.40644,-66.05014,20.0
45737.0,775,20.0,12:42:17,52,18.407062,-66.049323,19.0
45760.0,756,19.0,12:42:40,23,18.406503,-66.04852,9.0
45767.0,731,9.0,12:42:47,7,18.406018,-66.047806,10.0
45893.0,852,10.0,12:44:53,126,18.406766,-66.046771,11.0
45924.0,785,11.0,12:45:24,31,18.406078,-66.04477,2.1
45986.0,741,2.1,12:46:26,62,18.406243,-66.043161,1.0
46058.0,760,1.0,12:47:38,72,18.40717,-66.041989,2.2
46210.0,851,3.0,12:50:10,152,18.404856,-66.044836,4.0
46377.0,972,4.0,12:52:57,167,18.403636,-66.045492,5.0
46403.0,926,5.0,12:53:23,26,18.403751,-66.046593,6.0
46463.0,931,24.0,12:54:23,60,18.404698,-66.050468,23.0
46489.0,903,6.0,12:54:49,26,18.403879,-66.048199,13.0
46542.0,908,13.0,12:55:42,53,18.403955,-66.049898,24.0
46597.0,912,23.0,12:56:37,55,18.40644,-66.05014,20.0
46621.0,884,20.0,12:57:01,24,18.407062,-66.049323,19.0
46648.0,888,19.0,12:57:28,27,18.406503,-66.04852,9.0
46679.0,912,9.0,12:57:59,31,18.406018,-66.047806,10.0
46712.0,819,10.0,12:58:32,33,18.406766,-66.046771,11.0
46732.0,808,11.0,12:58:52,20,18.406078,-66.04477,2.1
46959.0,973,2.1,13:02:39,227,18.406243,-66.043161,1.0
47183.0,1125,1.0,13:06:23,224,18.40717,-66.041989,2.2
47331.0,1121,3.0,13:08:51,148,18.404856,-66.044836,4.0
47381.0,1004,4.0,13:09:41,50,18.403636,-66.045492,5.0
47397.0,994,5.0,13:09:57,16,18.403751,-66.046593,6.0
47476.0,1013,24.0,13:11:16,79,18.404698,-66.050468,23.0
47500.0,1011,6.0,13:11:40,24,18.403879,-66.048199,13.0
47560.0,1018,13.0,13:12:40,60,18.403955,-66.049898,24.0
47653.0,1056,23.0,13:14:13,93,18.40644,-66.05014,20.0
47699.0,1078,20.0,13:14:59,46,18.407062,-66.049323,19.0
47725.0,1077,19.0,13:15:25,26,18.406503,-66.04852,9.0
47765.0,1086,9.0,13:16:05,40,18.406018,-66.047806,10.0
47808.0,1096,10.0,13:16:48,43,18.406766,-66.046771,11.0
47909.0,1177,11.0,13:18:29,101,18.406078,-66.04477,2.1
47975.0,1016,2.1,13:19:35,66,18.406243,-66.043161,1.0
48063.0,880,1.0,13:21:03,88,18.40717,-66.041989,2.2
48199.0,868,3.0,13:23:19,136,18.404856,-66.044836,4.0
48290.0,909,4.0,13:24:50,91,18.403636,-66.045492,5.0
48334.0,937,5.0,13:25:34,44,18.403751,-66.046593,6.0
48393.0,917,24.0,13:26:33,59,18.404698,-66.050468,23.0
48426.0,926,6.0,13:27:06,33,18.403879,-66.048199,13.0
48531.0,971,13.0,13:28:51,105,18.403955,-66.049898,24.0
48620.0,967,23.0,13:30:20,89,18.40644,-66.05014,20.0
48656.0,957,20.0,13:30:56,36,18.407062,-66.049323,19.0
48701.0,976,19.0,13:31:41,45,18.406503,-66.04852,9.0
48714.0,949,9.0,13:31:54,13,18.406018,-66.047806,10.0
48746.0,938,10.0,13:32:26,32,18.406766,-66.046771,11.0
48786.0,877,11.0,13:33:06,40,18.406078,-66.04477,2.1
48901.0,926,2.1,13:35:01,115,18.406243,-66.043161,1.0
48975.0,912,1.0,13:36:15,74,18.40717,-66.041989,2.2
49110.0,911,3.0,13:38:30,135,18.404856,-66.044836,4.0
49172.0,882,4.0,13:39:32,62,18.403636,-66.045492,5.0
49227.0,893,5.0,13:40:27,55,18.403751,-66.046593,6.0
49232.0,839,24.0,13:40:32,5,18.404698,-66.050468,23.0
49283.0,857,6.0,13:41:23,51,18.403879,-66.048199,13.0
49304.0,773,13.0,13:41:44,21,18.403955,-66.049898,24.0
49337.0,717,23.0,13:42:17,33,18.40644,-66.05014,20.0
49351.0,695,20.0,13:42:31,14,18.407062,-66.049323,19.0
49368.0,667,19.0,13:42:48,17,18.406503,-66.04852,9.0
49406.0,692,9.0,13:43:26,38,18.406018,-66.047806,10.0
49553.0,807,10.0,13:45:53,147,18.406766,-66.046771,11.0
49585.0,799,11.0,13:46:25,32,18.406078,-66.04477,2.1
49629.0,728,2.1,13:47:09,44,18.406243,-66.043161,1.0
49710.0,735,1.0,13:48:30,81,18.40717,-66.041989,2.2
49845.0,735,3.0,13:50:45,135,18.404856,-66.044836,4.0
49945.0,773,4.0,13:52:25,100,18.403636,-66.045492,5.0
49947.0,720,5.0,13:52:27,2,18.403751,-66.046593,6.0
49986.0,754,24.0,13:53:06,39,18.404698,-66.050468,23.0
50016.0,733,6.0,13:53:36,30,18.403879,-66.048199,13.0
50059.0,755,13.0,13:54:19,43,18.403955,-66.049898,24.0
50061.0,724,23.0,13:54:21,2,18.40644,-66.05014,20.0
50142.0,791,20.0,13:55:42,81,18.407062,-66.049323,19.0
50165.0,797,19.0,13:56:05,23,18.406503,-66.04852,9.0
50226.0,820,9.0,13:57:06,61,18.406018,-66.047806,10.0
50269.0,716,10.0,13:57:49,43,18.406766,-66.046771,11.0
50363.0,778,11.0,13:59:23,94,18.406078,-66.04477,2.1
50412.0,783,2.1,14:00:12,49,18.406243,-66.043161,1.0
50693.0,983,1.0,14:04:53,281,18.40717,-66.041989,2.2
50897.0,1052,3.0,14:08:17,204,18.404856,-66.044836,4.0
50945.0,1000,4.0,14:09:05,48,18.403636,-66.045492,5.0
50952.0,1005,5.0,14:09:12,7,18.403751,-66.046593,6.0
51049.0,1063,24.0,14:10:49,97,18.404698,-66.050468,23.0
51088.0,39,24.0,14:11:28,39,18.404698,-66.050468,23.0
51142.0,1081,23.0,14:12:22,54,18.40644,-66.05014,20.0
51186.0,1044,20.0,14:13:06,44,18.407062,-66.049323,19.0
51213.0,1048,19.0,14:13:33,27,18.406503,-66.04852,9.0
51232.0,1006,9.0,14:13:52,19,18.406018,-66.047806,10.0
51269.0,1000,10.0,14:14:29,37,18.406766,-66.046771,11.0
51441.0,1078,11.0,14:17:21,172,18.406078,-66.04477,2.1
51764.0,1352,2.1,14:22:44,323,18.406243,-66.043161,1.0
51801.0,1108,1.0,14:23:21,37,18.40717,-66.041989,2.2
51992.0,1047,4.0,14:26:32,191,18.403636,-66.045492,5.0
52011.0,1059,5.0,14:26:51,19,18.403751,-66.046593,6.0
52050.0,962,24.0,14:27:30,39,18.404698,-66.050468,23.0
52104.0,962,23.0,14:28:24,54,18.40644,-66.05014,20.0
52148.0,962,20.0,14:29:08,44,18.407062,-66.049323,19.0
52175.0,962,19.0,14:29:35,27,18.406503,-66.04852,9.0
52194.0,962,9.0,14:29:54,19,18.406018,-66.047806,10.0
52231.0,962,10.0,14:30:31,37,18.406766,-66.046771,11.0
52403.0,962,11.0,14:33:23,172,18.406078,-66.04477,2.1
52525.0,761,2.1,14:35:25,122,18.406243,-66.043161,1.0
52562.0,761,1.0,14:36:02,37,18.40717,-66.041989,2.2
52753.0,761,4.0,14:39:13,191,18.403636,-66.045492,5.0
52772.0,761,5.0,14:39:32,19,18.403751,-66.046593,6.0
